Full Address,City,County,Post Code,Status,Latitude,Longitude
"5 Princess Road,  ",Cleveleys,Lancashire,FY5 1BP,LIVE,53.878236,-3.044472
"91 Lord Street,  ",Southport,Merseyside,PR8 1RH,LIVE,53.645813,-3.011159
"58 Church St,  ",St Helens,Merseyside,WA10 1AD,LIVE,53.451508,-2.733679
"Unit A, Civic Centre, The Birtles",Wythenshawe,Manchester,M22 5HZ,LIVE,53.378563,-2.262438
"Unit 8, Allerdyce Road, Great Western Retail Park",Glasgow,,G15 6RX,LIVE,55.904979,-4.376682
"Unit 6, Meteor Centre, Mansfield Road",Derby,,DE21 4SY,LIVE,52.941408,-1.46471
"Units 2 - 3, Coast Road Retail Park, ",North Shields,Tyne and Wear,NE29 7UJ,LIVE,55.01112,-1.483647
"Units 3 - 4, Rydon Lane Retail Park, ",Exeter,Devon,EX2 7HX,LIVE,50.710906,-3.482415
"Unit 1, Romvalley Retail Park, ",Romford,London,RM7 0AN,LIVE,51.568989,0.184918
"HEAD OFFICE,  ",,,,LIVE,52.399256,-0.728768
"51 - 55 High Street,  ",Kettering,Northamptonshire,NN16 8TE,LIVE,51.382586,-0.287429
"374 Ewell Road,  ",Tolworth,Surrey,KT6 7BB,LIVE,55.771484,-2.007556
"Castle Gate,  ",Berwick Upon Tweed,Northumberland,TD15 1JS,LIVE,53.848467,-2.196852
"Unit 4, Corporation Street, ",Colne,Lancashire,BB8 8LU,LIVE,51.579715,0.181694
"25 - 29 Market Place,  ",Romford,London,RM1 3AB,LIVE,52.480002,-1.479082
"57 Newtown Road, Bedworth, ",Nuneaton,Warwickshire,CV12 8QD,LIVE,51.489839,0.034616
"Unit E, Stone Lake Retail Park, 601 Woolwich Road",Charlton,London,SE7 8LU,LIVE,52.623007,1.306071
"Unit 6B, Riverside Retail Park, ",Norwich,Norfolk,NR1 1WU,LIVE,52.448887,-2.05158
"27-30 Hagley Mall, The Cornbow, ",Halesowen,,B63 4AL,LIVE,52.901861,-1.486412
"Stenson Road,  ",Derby,Derbyshire,DE23 1JD,LIVE,52.566182,-2.008051
"Gallagher Retail Park,  ",Wednesbury,West Midlands,WS10 9QY,LIVE,53.46316,-2.36011
"Unit 7, Trafford Retail Park, Neary Way",Urmston,Manchester,M41 7FN,LIVE,51.899117,-1.152612
"49-57 Sheep Street,  ",Bicester,Oxfordshire,OX26 6JW,LIVE,53.611193,-1.351751
"27 Market Street,  ",Hemsworth,Pontefract,WF9 4LB,LIVE,52.780203,-1.224158
"4 Willowbrook Park, Derby Road, ",Loughborough,Leicestershire,LE11 5HG,LIVE,FAILED,FAILED
"Unit 2A,  Ravenside Retail Park, ",Glynde Gap,,Bexhill On Sea,LIVE,51.376973,0.101699
"Unit 38B,  The Walnuts Shopping Centre, ",,Orpington,BR6 0TW,LIVE,52.380547,-1.463606
"1A Pilot Close, Airport Retail Park, ",Coventry,,CV3 4RP,LIVE,54.003612,-0.437284
"30 Middle Street South,  ",Driffield,East Yorkshire,YO25 6PS,LIVE,55.848099,-4.489257
"9 Bridge Street,  ",Linwood,Paisley,PA3 3DB,LIVE,56.017933,-3.720913
"Unit 10,  La Porte Precinct, Talbot Street",Central,Grangemouth,FK3 8HU,LIVE,54.633584,-1.647766
"Church Street,  ",Shildon,County Durham,DL4 1DU,LIVE,52.412391,-1.827706
"Stretford Road, Shirley, ",Birmingham,,B90 3AQ,LIVE,53.684889,-1.834851
"Huddersfield Road, Elland, ",Halifax,West Yorkshire,HX5 9AH,LIVE,54.890409,-2.954642
"Wigton Road,  ",Carlisle,Cumbria,CA2 7EP,LIVE,53.535432,-1.053683
"Church Street, Armthorpe, ",Doncaster,,DN3 3AE,LIVE,51.523183,0.070124
"Units 2-3,  Beckton Triangle Retail Park, Newham",London,Beckton,E6 6LH,LIVE,52.212439,-0.286173
"Howard Road, Eaton Socon, ",St Neots,Cambridgeshire,PE19 8ET,LIVE,51.129877,0.905431
"Unit A,  Ashford Retail Park, ",Kent,Ashford,TN24 0SG,LIVE,54.916251,-1.381449
"Units 2-3,  Sunderland Gateway, Roker Avenue",,Sunderland,SR6 0BW,LIVE,53.587773,-2.863237
"Ringtail Retail Park, Burscough, ",Ormskirk,Lancashire,L40 8AD,LIVE,53.698998,-1.421562
"West Street, Normanton, ",Wakefield,West Yorkshire,WF6 2AP,LIVE,52.754221,0.398676
"Vancouver Centre,  ",Kings Lynn,,PE30 1DS,LIVE,53.552445,-0.493936
"Riverside Market Place, Springs Parade, ",Brigg,,DN20 8EQ,LIVE,52.52018,-1.995647
"Unit 10B, Astle Park, ",West Bromwich,,B70 8NS,LIVE,52.5754,-0.219257
"Boongate Retail Park, Padholme Road, ",Peterborough,,PE1 5SX,LIVE,51.879208,0.547399
"Rayne Road,  ",Braintree,Essex,CM7 2QP,LIVE,51.435362,-2.852366
"Great Western Road,  ",Clevedon,,BS21 6HX,LIVE,52.08975,-4.648568
"Aberystwyth Road,  ",Cardigan,,SA43 1NA,LIVE,51.064262,-1.779561
"Southampton Road Retail Park,  ",Salisbury,,SP1 2FE,LIVE,52.186496,0.998722
"Milton Road South,  ",Stowmarket,Suffolk,IP14 1EJ,LIVE,53.499416,-2.527795
"Unit 2,  Parsonage Retail Park",,Leigh,WN7 5SJ,LIVE,51.234279,-2.99827
"Pier Street,  ",Burnham-On-Sea,Somerset,TA8 1BT,LIVE,55.936316,-4.698216
"Unit 7,  Gallagher Shopping Park, 3 Glen Mill Way",,Port Glasgow,PA14 5AU,LIVE,50.392448,-4.082327
"Unit 1,  Coypool Retail Park, Coypool Road",,Plymouth,PL7 4TB,LIVE,53.718413,-1.777669
"Bailiff Bridge Retail Development, Bradford Road, ",Brighouse,,HD6 4DH,LIVE,50.475119,-4.703939
"Callywith Retail Park, Forth An Hellier, ",Bodmin,Cornwall,PL31 2GR,LIVE,53.702156,-2.199891
"Irwell Street,  ",Bacup,Lancashire,OL13 0AD,LIVE,52.740826,0.412282
"Pierpoint Retail Park, Hansa Road, ",Kings Lynn,,PE30 4HW,LIVE,53.694687,-1.299099
"Unit 2, South Baileygate Retail Park, ",Pontefract,W Yorks,WF8 2LN,LIVE,57.468634,-4.19131
"Milton of Inshes, Sir Walter Scott Drive/Culloden Road, ",Inverness,,IV2 3TW,LIVE,52.886794,-4.420884
"Lower Cardiff Road,  ",Pwllheli,Gwynedd,LL53 5NF,LIVE,53.673951,-1.353484
"Quora Retail Park, Wakefield Road, ",Featherstone,Pontefract,WF7 5LD,LIVE,50.820655,-4.520153
"Unit C,  Binhamy Retail Park, Stratton",,Bude,EX23 9TG,LIVE,52.16562,-2.217367
"Unit 2,  Bath Road, Broomhall",,Worcester,WR5 3HW,LIVE,57.064509,-2.13814
"Portlethen Retail Park, Muirend Road,  Portlethen",,Aberdeen,AB12 4XP,LIVE,51.437325,-0.019243
"Unit 2,  Ravensbourne Retail Park, 134 Bromley Road",,Catford,SE6 2UY,LIVE,52.301699,-0.692697
"10 Market Street,  ",Wellingborough,,NN8 1AN,LIVE,55.880162,-3.52488
"Almondvale Business Park, Almondvale Place, ",Livingston,,EH54 6GA,LIVE,52.385231,-1.25886
"Unit 17 Junction One, Leicester Road, ",Rugby,,CV21 1RW,LIVE,53.169314,-2.217792
"Unit A2 , Congleton Retail Park, ",Congleton,,CW12 1LJ,LIVE,52.659979,-3.140865
"Unit 1 Mill Lane Retail Park, Mill Lane, ",Welshpool,,SY21 7BL,LIVE,53.795354,-1.567844
"Unit 1, Armley Road, ",Leeds,,LS12 2DL,LIVE,52.583252,-1.980706
"Unit 5, Lower Hall Lane, ",Walsall,West Midlands,WS1 1QU,LIVE,51.394115,0.495325
"Units C3-C4,  Strood Retail Park, Commercial Road",Kent,Strood,ME2 2AB,LIVE,51.226712,-2.311006
"Station Approach,  ",Frome,Somerset,BA11 1RE,LIVE,55.806669,-4.235101
"Castlemilk Shopping Centre,  ",Castlemilk,Glasgow,G45 9AA,LIVE,50.515721,-4.85353
"West hill, Dunveth Business Park, ",Wadebridge,,PL27 7FE,LIVE,52.259782,-1.157453
"Units D - F, Abbey Retail Park, ",Daventry,,NN11 4GL,LIVE,54.532381,-1.056037
"Unit 3, Cleveland Gate Retail Park, ",Guisborough,,TS14 7DL,LIVE,51.149699,0.871624
"82-86 High Street,  ",Ashford,Kent,TN24 8SE,LIVE,50.630008,-4.355546
"Launceston Retail Park, Hurdon Road, ",Launceston,,Pl15 9DA,LIVE,51.38396,0.52221
"22 Medway Street,  ",Chatham,,ME4 4HA,LIVE,55.886823,-3.162465
"Units 4-5, Straiton, ",Edinburgh,,EH20 9QY,LIVE,53.386149,-3.016032
"Unit 2,  The Rock Retail Park, New Chester Road",,Birkenhead,CH41 9DF,LIVE,55.47894,-4.594778
"Heathfield Retail Park, Heathfield Road, ",Ayr,,KA8 9BF,LIVE,54.566733,-0.965196
"Pheasant Field Lane, Skelton, ",Saltburn by the Sea,,TS12 2ZL,LIVE,51.622635,-3.93968
"Unit 6A, Parc Tawe Retail Park, ",,Swansea,SA1 2AP,LIVE,52.543162,-0.302171
"Ortongate Centre,  ",,Peterborough,PE2 5TD,LIVE,52.476825,1.75263
"95-97 London Road North,  ",Lowestoft,,NR32 1LX,LIVE,51.570328,0.457285
"3-5 Town Square,  ",Basildon,,SS14 1DZ,LIVE,51.869254,0.160845
"23-31 South Street  ,  ",Bishop Stortford,Hertfordshire,CM23 3AB,LIVE,54.5653,-5.905982
"Unit 1, Drumkeen Retail Park, ",Belfast,Northern Ireland,BT8 6RB,LIVE,50.852875,-1.175959
"Thackeray Mall,  ",Fareham,Hants,PO16 0PN,LIVE,52.35248,-0.184438
"Unit 4, Huntingdon Retail Park, ",Huntingdon,,PE29 7DZ,LIVE,53.75172,-3.031597
"63 St Annes Road West,  ",St Annes on Sea,,FY8 1SB,LIVE,53.482166,-2.888879
"78 Chad Parade,  ",Kirkby,,L32 8UG,LIVE,53.744478,-1.597841
"Leeds Exhibition Centre, Commercial St, ",Morley,,LS27 8AG,LIVE,50.698517,-1.297638
"57 HigH Street,  ",Newport,Isle Of Wight,PO30 1SD,LIVE,FAILED,FAILED
"Unit 1, Owlcotes Shopping Centre, ",Varley Street, Stanningley,Pudsey,LIVE,53.024259,-2.173794
"2 Old Hall St,  ",Hanley,,ST1 1QT,LIVE,52.510278,-2.085542
"Unit 1, Trident Shopping Centre, High St",Dudley,,DY1 1DB,LIVE,55.500004,-4.611065
"26 Main Street, Prestwick, ",Strathclyde,,KA9 1NX,LIVE,54.617947,-1.066492
"7 Regent Walk,  ",Redcar,,TS10 3FB,LIVE,53.521924,-2.19474
"Unit 18, Harpurhey Shopping Centre, ",Harpurhey,Manchester,M9 2DJ,LIVE,53.708941,-1.910338
"11-15 Wharf Street,  ",Sowerby Bridge,West Yorkshire,HX6 2EG,LIVE,53.436681,-2.915341
"22 Hornspit Lane,  ",West Derby,Liverpool,L12 5LT,LIVE,53.4864,-2.63676
"Unit 10A,  The Gerard Centre , Gerard Street ",Wigan ,Ashton-in-Makerfield,WN4 9AN ,LIVE,53.79733,-2.69402
"Unit 2,  Fulwood Central Retail Park, Olivers Place",Fulwood,Preston,PR2 9BQ,LIVE,53.038092,-1.20479
"Chapel Street,  ",Hucknall,,NG15 7AU,LIVE,53.806376,-3.029794
"305-321 Whitegate Drive,  ",Blackpool,,FY3 9JS,LIVE,53.48888,-2.093191
"9-11 Bow Street,  ",Ashton-under-Lyne,,OL6 6BU,LIVE,53.047597,-3.001129
"Units 5-6, Central Retail Park, ",Wrexham,Clwyd,LL13 7SU,LIVE,53.567705,-2.88368
"3 Railway Road,  ",Ormskirk,,L39 2DN,LIVE,54.844338,-1.471995
"60 Newbottle Street,  ",Houghton Le Spring,,DH4 4AF,LIVE,52.972881,-1.307978
"Unit 16, The Albion Centre Bath Street, ",Ilkeston,,DE7 8AG,LIVE,53.284999,-2.893061
"Station Road,  ",Ellesmere Port,,CH65 4FT,LIVE,53.419499,-3.044152
"17 Liscard Way, Cherry Tree Centre,  Liscard",Merseyside,Wallasey,CH44 5TL,LIVE,52.988971,-2.136545
"The Strand,  ",Longton,Stoke On Trent,ST3 2JF,LIVE,53.391176,-2.858878
"Belle Vale Shopping Centre,  ",Liverpool,,L25 2RG,LIVE,53.443837,-1.948485
"Norfolk Street,  ",Glossop,,SK13 8BS,LIVE,54.96389,-1.709483
"16 The Precinct, Wesley Court, ",Blaydon,Gateshead,NE21 5BT,LIVE,53.326474,-2.70068
"Unit D, Trident Shopping Centre, Halton Lea",Runcorn,,WA7 2FQ,LIVE,54.998136,-7.274504
"Units 9-10, Crescent Link Retail Park, ",,Londonderry,BT47 6SA,LIVE,52.709686,-1.99806
"Unit 4 Victoria Shopping Park, Hednesford, ",Cannock,Staffordshire,WS12 1BT,LIVE,54.689064,-1.556258
"7 Market Street,  ",Ferryhill,County Durham,DL17 8JN,LIVE,54.112593,-3.225698
"63/75 Dalton Road,  ",Barrow-in-Furness,,LA14 1HZ,LIVE,52.986793,-1.9867
"Tape Street,  ",Cheadle,,ST10 1EU,LIVE,53.044446,-2.197995
"1163 Waterloo Road, Burslem, ",Stoke On Trent,,ST6 3EH,LIVE,55.00567,-1.550696
"Wiltshire Drive, Station Road, Wallsend",Newcastle Upon Tyne,,NE28 8TY,LIVE,53.114636,-3.307315
"Station Road,  ",Ruthin,Denbighshire,LL15 1BP,LIVE,53.439268,-2.971338
"9-23 County Road,  ",Walton,Liverpool,L4 3QA,LIVE,54.997123,-1.43379
"Waterloo Square,  ",South Shields,,NE33 1AX,LIVE,51.574763,0.084488
"Unit 1, Horns Road, ",Ilford,,IG2 6BE,LIVE,53.800345,-1.505664
"Torre Lane, York Road, ",Leeds,,LS9 6TN,LIVE,51.669222,-3.194603
"Unit 4, Cliff Road, Blackwood Park",Blackwood,,NP12 0NT,LIVE,55.781333,-4.055485
"Unit 2, Hamilton Retail Park, ",Hamilton,South Lanarkshire,ML3 0DF,LIVE,52.463111,-1.839696
"Unit C, Heybarnes Circus, Coventry Road",Birmingham,,B25 8DL,LIVE,52.858275,-3.055
"English Walls,  ",Oswestry,,SY11 2PA,LIVE,53.321894,-0.942479
"61-63 Carolgate,  ",Retford,,DN22 6BU,LIVE,53.817485,-3.054598
"26-32 Church Street,  ",Blackpool,Lancashire,FY1 1EW,LIVE,55.008459,-1.446405
"33 Bedford Street, Beacon Shopping Centre, ",North Shields,,NE29 6QA,LIVE,51.713812,-3.443721
"Parc-Y-Llyn Retail Park,  ",Aberdare,,CF44 7RW,LIVE,53.452025,-2.991823
"55-58 New Strand Shopping Precinct, Medway, ",Bootle,Merseyside,L20 4SR,LIVE,54.345495,-7.639795
"2-6 High Street,  ",Enniskillen,County Fermanagh,BT74 7EH,LIVE,52.541914,-1.371063
"32-36 Castle Street,  ",Hinckley,Leicester,LE10 1DJ,LIVE,53.690972,-1.311094
"45 Market Place,  ",Pontefract,West Yorkshire,WF8 1AJ,LIVE,54.664879,-2.754059
"9-10 Middlegate,  ",Penrith,,CA11 7PQ,LIVE,55.893424,-3.071792
"24 High Street,  ",Dalkieth,Mid Lothian,EH22 1HR,LIVE,54.826846,-7.463699
"8-10 Castle Street,  ",Strabane,Co Tyrone,BT82 8AD,LIVE,53.125231,-1.26317
"36 Idlewells Shopping Centre,  ",Sutton in Ashfield,Nottinghamshire,NG17 1BP,LIVE,52.904499,-1.182066
"Clifton Triangle, Green Lane, ",Nottingham,,NG11 9LN,LIVE,53.49367,-1.28992
"44 High Street,  ",Mexborough,South Yorkshire,S64 9AT,LIVE,52.768225,-2.377511
"44-50 High Street,  ",Newport,Shropshire,TF10 7AQ,LIVE,53.795796,-1.663906
"18 Church Lane,  ",Pudsey,Leeds,LS28 7TY,LIVE,54.98116,-1.490046
"15 Viking Precinct, Viking Shopping Centre, ",Jarrow,,NE32 3JY,LIVE,51.601098,-3.34047
"Park Building, 92 Taff Street, ",Pontypridd,,CF37 4SS,LIVE,51.476491,-3.703757
"1A John Street,  ",Porthcawl,,CF36 3AR,LIVE,55.776424,-3.945797
"Unit 9, Caledonian Retail Park, Glasgow Road",Wishaw,Lanarkshire,ML2 7SN,LIVE,54.865836,-6.27742
"Unit 30B, Tower Centre, Wellington Street",Ballymena,County Antrim,BT43 6AH,LIVE,52.906797,-2.486423
"Towers Lane, Cheshire Street, ",Market Drayton,,TF9 3AA,LIVE,54.511118,-6.047007
"43-45 Bow Street,  ",Lisburn,,BT28 1BT,LIVE,53.431638,-1.354922
"23-25 College Street,  ",Rotherham,South Yorkshire,S65 1AE,LIVE,53.802445,-1.707869
"Unit 1, Woodhall Retail Park, ",Bradford,West Yorkshire,BD3 7BW,LIVE,54.527212,-1.5535
"60-64 Northgate,  ",Darlington,,DL1 1PR,LIVE,53.653355,-2.629558
"Unit MSU2, Market Walk Shopping Centre, ",Chorley,Lancashire,PR7 1DE,LIVE,51.596952,-3.785564
"Aberafan Shopping Centre,  ",Aberafan,Port Talbot,SA13 1PB,NOT LIVE,52.676814,-2.446044
"Unit 3, Telford Shopping Centre , ",Telford,,TF3 4AE,NOT LIVE,54.759641,-1.333443
"52-53 Yoden Way, Castle Dene Shopping Centre, ",Peterlee,County Durham,SR8 1AS,NOT LIVE,53.305508,-1.124695
"60-62 Bridge Place,  ",Worksop,,S80 1JN,NOT LIVE,54.403394,-5.898641
"2 - 6 Lisburn Street,  ",Ballynahinch,Ireland,BT24 8BD ,NOT LIVE,52.683493,-1.828861
"25-27 Market Street,  ",Lichfield,Staffordshire,WS13 6LD,NOT LIVE,53.733638,-0.368901
"Unit 5B, St Andrews Retail Park, 375 Hessle Road",Hull,,HU3 4EB,NOT LIVE,53.525023,-2.400999
"Units 230 - 231, Ellesmere Shopping Centre, Bolton Road",Walkden,Manchester,M28 3ZD,NOT LIVE,54.576993,-5.977999
"219 Westwood Shopping Centre,  Kennedy Way",Belfast,,BT11 9BQ,NOT LIVE,55.828401,-4.283946
"84-88 Kilmarnock Road,  ",Glasgow,Glasgow,G41 3NN,NOT LIVE,53.499031,-2.238758
"Unit B2, Cheetham Hill Retail Park, Cheetham Hill Road",Cheetham Hill,Manchester,M8 8BB,NOT LIVE,55.042385,-1.445327
"238 Whitley Road,  ",Whitley Bay,,NE26 2TE,NOT LIVE,54.648402,-6.753977
"Units 1+2, Broadfields Retail Park, Orritor Road",Cookstown,,BT80 8BH,NOT LIVE,53.402217,-2.298561
"Unit A, Brookway Retail Park, Altrincham Road",Baguley,Manchester,M23 9BL,NOT LIVE,54.857875,-1.573663
"30-36 Front Street,  ",Chester-Le-Street,County Durham,DH3 3BE,NOT LIVE,54.60871,-5.926492
"Unit A, Cityside Retail Park, 100-150 York Street",Belfast,,BT15 1WA,NOT LIVE,51.655178,-3.906227
"Nantyffin South, Swansea Enterprise Park, ",Swansea,,SA7 9RG,NOT LIVE,52.009835,0.258993
"Knight Retail Park, Thaxted Road, ",Saffron Walden,Essex,CB10 2UR,NOT LIVE,54.589226,-5.9622
"Unit 1A, Park Centre, Donegal Road",Belfast,,BT12 6HN,NOT LIVE,52.91122,-0.642357
"46 High Street,  ",Grantham,Lincolnshire,NG31 6NG,NOT LIVE,54.349837,-6.653436
"9a Lonsdale Road,  ",Armagh,Northern Ireland,BT61 9BT,NOT LIVE,51.731771,-1.217516
"9-10 The Square, Templars Square Shopping Centre, ",Cowley,Oxfordshire,OX4 3XH,NOT LIVE,52.897062,-1.270015
"39 High Street,  ",Long Eaton,Nottinghamshire,NG10 1JA,NOT LIVE,53.742871,-2.479306
"Unit 3- 4, The Peel Centre, Lower Audley Street",Blackburn,Lancashire,BB1 1BB,NOT LIVE,55.11696,-6.684934
"Castleroe Road, Riverside Retail Park, ",Coleraine,County Londonderry,BT51 3QA,NOT LIVE,53.383728,-1.463996
"12 -18 Haymarket,  ",Sheffield,,S1 2AX,NOT LIVE,52.926141,-1.215961
"19-22 The Square,  ",Beeston,Nottingham,NG9 2JJ,NOT LIVE,52.900287,-1.858192
"Unit F, Dovefields Retail Park, ",Uttoxeter,,ST14 8AZ,NOT LIVE,53.618432,-2.157981
"Rochdale Exchange Centre, 41 - 43 Yorkshire Street, ",Rochdale,,OL16 1BU,NOT LIVE,52.476548,-1.791665
"Unit 2 - 5,  Coventry Road",Sheldon,Birmingham,B26 2DE,NOT LIVE,55.425613,-2.785305
"Croft Road,  ",Hawick,,TD9 9RD,NOT LIVE,53.548014,-2.522546
"4-5 Pavillion Square,  ",Westhoughton,Bolton,BL5 3AJ,NOT LIVE,51.589974,-1.42649
"Unit 10, Kings Park, Limborough Road",Wantage,Oxfordshire,OX12 9AJ,NOT LIVE,53.547446,-2.630553
"22-26 Standishgate,  ",Wigan,Lancashire,WN1 1UE,NOT LIVE,52.654193,0.149543
"Unit 7 - 9 , Cromwell Retail Park, ",Wisbech,Cambridgeshire ,PE14 0SW,NOT LIVE,55.883509,-4.228213
"No 16, 230 Springburn Way, ",Springburn,Glasgow,G21 1TS,NOT LIVE,51.856284,-4.30683
"6-7 Hall Street,  ",Carmarthen,South Wales,SA31 1PH,NOT LIVE,55.789815,-3.99116
"54 – 62 Brandon Parade South,  ",Motherwell,,ML1 1RB,NOT LIVE,52.413763,-1.971868
"804 - 814 Bristol Road,  ",South Northfield,Birmingham,B31 2NS,NOT LIVE,53.41543,-2.150382
"Great Portwood Street,  ",Stockport,Cheshire,SK1 2ED,NOT LIVE,52.577041,-2.046848
"62 Willenhall - UNIT 2, Keyway Retail Park, Armstrong Way",Willenhall,West Midlands,WV13 2QU,NOT LIVE,53.48,-2.146241
"Unit 1, Greenside Shopping Centre, Greenside Lane",Droylsden,Manchester,M43 7AD,NOT LIVE,55.868448,-4.121924
"Units 1-2, Shandwick Square Shopping Centre, ",Easterhouse,Glasgow,G34 9DT,NOT LIVE,54.606776,-1.288895
"176 East Precinct, Kingsway, ",Cleveland,Co Durham,TS23 2LJ,NOT LIVE,51.523051,-3.139359
"Unit 2, Pentwyn Road, Pentwyn",Cardiff,South Wales,CF23 7XH,NOT LIVE,55.883619,-4.2523
"97 Bardowie Street, Saracens Cross, ",Glasgow,Lanarkshire,G22 5ET,NOT LIVE,54.326461,-5.718182
"Unit A, The Grove Shopping Centre, Market Street",Downpatrick,,BT30 6LZ,NOT LIVE,51.579785,-3.214324
"Bedwas Road,  ",Caerphilly,South Wales,CF83 3AX,NOT LIVE,54.82507,-3.160478
"19 King Street,  ",Wigton,Cumbria,CA7 9DT,NOT LIVE,53.115575,-2.176494
"66 High Street,  ",Biddulph,Stoke On Trent,ST8 6AS,NOT LIVE,55.738843,-3.97435
"Caledonian Road,  ",Larkhall,South Lanarkshire,ML9 1EP,NOT LIVE,55.127802,-1.520659
"Units 3-4, Albion Retail Park, ",Blyth,Northumberland,NE24 5BS,NOT LIVE,52.653737,0.170117
"The Peel Centre, Elm High Road, Emneth",Wisbech,Norfolk,PE13 2SJ,NOT LIVE,55.864011,-3.978365
"Unit 1, Airdrie Retail Park, Gartlea Road",Airdrie,Lanarkshire,ML6 9JB,NOT LIVE,53.462976,-2.249447
"Unit 1/2, Hulme High Street, ",Hulme,Manchester,M15 5AF,NOT LIVE,53.473665,-2.1649
"Unit 2, 1221 Ashton Old Road, Lime Square",Openshaw,Manchester,M11 1DA,NOT LIVE,56.107476,-3.159511
"20 High Street, Kirkcaldy, ",Kirkcaldy,Fife,KY1 1LU,NOT LIVE,56.020546,-3.833216
"Unit 1, 44 Tryst Road, ",Stenhousemuir,Scotland,FK5 4AH,NOT LIVE,55.912574,-4.381787
"Unit 1, 21 Dunkenny Square, ",Drumchapel,Glasgow,G15 8BN,NOT LIVE,51.339308,-2.961642
"Gallagher Retail Park, Marchfields Way, ",Weston Super Mare,,BS23 3YZ,NOT LIVE,51.470856,-0.361663
"The Blenheim Centre, Alexandra Road, ",Hounslow,Middlesex,TW3 1NL,NOT LIVE,53.357023,-1.476305
"30 Chesterfield Road,  ",Meersbrook,Sheffield,S8 0RN,NOT LIVE,52.563001,0.068819
"March Trading Park, Martin Avenue, ",March,Cambridge,PE15 0DF,NOT LIVE,52.036551,1.205682
"Felixstowe Road,  ",Ipswich,Suffolk,IP3 8TQ,NOT LIVE,52.773518,-1.555811
"43 High Street,  ",Swadlincote,Derbyshire,DE11 8JE,NOT LIVE,53.424953,-2.317758
"1 - 5 Broad Road,  ",Sale,Manchester,M33 2AE,NOT LIVE,52.474283,-1.866554
"St Andrews Retail Park, Green Way Street , Green Way Street",Birmingham,Birmingham,B10 0XA,NOT LIVE,56.463883,-2.96945
"Units 1 - 3, Wellgate Centre, ",Dundee,,DD1 2DF,NOT LIVE,52.964245,-2.674482
"Waymills Road ,  ",Whitchurch ,Shropshire,SY13 1RY,NOT LIVE,53.824583,-0.446412
"Unit 1 & Unit 4, Victoria Retail Park , Wingfield Way ",Beverely ,,HU17 8XE,NOT LIVE,53.593177,-2.294375
"Unit 15 Union Arcade, Millgate Shopping Centre, ",Bury,,BL9 0QF,NOT LIVE,55.075316,-3.581855
"Unit 7, Peel Centre, Lockerbie Road",Dumfries,,DG1 3PF,NOT LIVE,55.764484,-4.205586
"Unit 1 Queensway Retail Park,  ",East Kilbride,,G74 5NY,NOT LIVE,53.339768,-1.983575
"Buxton Road,  ",Whaley Bridge,,SK23 7PD,NOT LIVE,55.606298,-4.663444
"Lamont Drive,  ",Irvine,Ayrshire,KA12 8HD,NOT LIVE,53.738477,-0.345516
"Kingston Park, Kingston Road, ",Hull,,HU1 2TX,NOT LIVE,53.868231,-1.906093
"Unit 2, Cavendish Retail Park, Cavendish Street",Keighley,,BD21 3RL,NOT LIVE,56.194761,-3.00173
"Unit 2/3, Riverside Retail Park, Riverside Road",Leven,,KY8 4LT,NOT LIVE,53.697662,-2.690712
"Unit 4-5 Churchill Way,  ",Leyland,,PR25 3LZ,NOT LIVE,54.979602,-1.570907
"Unit 5A, Newcastle Shopping Park, ",Newcastle Upon Tyne,,NE6 2UJ,NOT LIVE,53.769995,-1.064986
"Unit D, Bawtry Road Retail Park, ",Selby,,YO8 8NB,NOT LIVE,53.405068,-1.412616
"Unit B, Meadowhall Retail Park, ",Sheffield,,S9 2YZ,NOT LIVE,53.449611,-2.727759
"Unit H Peasley Cross, St Helens Retail Park , W/ton New Rd",St Helens,Merseyside,WA9 1JJ,NOT LIVE,52.794924,-2.102327
"Unit 8 Queens Retail Park,  ",Stafford,,ST17 4SU,NOT LIVE,55.641402,-4.748423
"Unit 3, Kilwinning Road, North Ayrshire Retail Pk",Stevenston,Ayrshire,KA20 3AR,NOT LIVE,52.682621,-2.453114
"Unit 11B, Telford Forge Retail Park, ",Telford,Shropshire,TF3 4AG,NOT LIVE,55.868143,-4.127629
"Unit 3,  Junction 10 Retail Park, Auchinlea Way",,Glasgow,G34 9JJ,NOT LIVE,54.544542,-3.585027
"Units 1-2, The Bridges Retail Park, ",Whitehaven,Cumbria,CA28 7RQ,NOT LIVE,53.518779,-2.657819
"Unit 3 Marus Bridge, Worthington Way, Warrington Rd",Wigan,Lancashire,WN3 6XE,NOT LIVE,54.600439,-5.929899
"27 Rosemary Street,  ",Belfast,,BT1 1QB,NOT LIVE,54.862498,-6.275771
"Unit 2B, Braidwater Retail Park, ",Ballymena,County Antrim,BT42 3AG,NOT LIVE,55.012124,-7.316861
"175 Strand Road,  ",Londonderry,,BT48 7PU,NOT LIVE,54.17768,-6.339883
"Unit 3, 41-45 Merchants Quay, ",Newry,,BT35 6AJ,NOT LIVE,54.593892,-5.698327
"Ards Shopping Centre,  ",Newtonards,,BT23 4LH,NOT LIVE,54.654291,-5.919165
"Unit 1-2, Abbey Trading Estate, ",Newtonabbey,,BT37 9UQ,NOT LIVE,FAILED,FAILED
"Unit 1, Great Northern Retail Park, ",Omagh,,BT38 5GZ,NOT LIVE,50.502528,-4.315237
"New Road,  ",Callington,Cornwall,PL17 7BE,NOT LIVE,56.13526,-3.199673
", Fife Central Retail Park, ",Kirkcaldy,,KY26QL ,NOT LIVE,53.797867,-1.787953
"Unit 13, Victoria Shopping Centre, Thorton Rod",,Bradford,BD8 9BN,NOT LIVE,54.850621,-5.81545
"Unit 1A, Laharna Retail Park, ",Larne,,BT40 1HR,NOT LIVE,55.975093,-3.623146
"Unit 3, Stockbridge Retail Park, Falkirk Road",Linlithgow,,EH49 7AS,NOT LIVE,55.958225,-3.16584
"London Road, Meadowbank Retail Park, ",Edinburgh,,EH7 5TS,NOT LIVE,54.9183,-1.430981
"Unit 2, Hylton Riverside Retail Park, Timberbeach Road",Sunderland,,SR5 3XG,NOT LIVE,53.386297,-2.585258
"Unit 1, Riverside Retail Park, Wharf Street",Warrington,Cheshire,WA1 2GZ,NOT LIVE,51.567782,0.703511
"Unit 6, Southend Airport Retail Park, ",Southend on Sea,,SS2 6FW,NOT LIVE,53.217427,-4.142789
"St Davids Retail Park, Caernarfon Road, ",Bangor,Wales,LL57 4TJ,NOT LIVE,53.232783,-1.428039
"Unit 6, Ravenside Retail Park, ",Chesterfield,,S40 1TB,NOT LIVE,51.272325,1.062045
"10 Perch Road,  ",Canterbury,Kent,CT1 3TQ,NOT LIVE,52.193294,-2.216565
"Unit 10, St Martins Quarter, ",Worcester,,WR1 2DA,NOT LIVE,53.426814,-2.801022
"Unit 4, Cables Retail Park, Steley Way",Prescot,Merseyside,L34 5NQ,NOT LIVE,54.051574,-2.796099
"Unit 3, Parliament Street Retail Park, Bulk Road",Lancaster,,LA1 1DT,NOT LIVE,51.883781,0.833102
"Unit 1 Tollgate Retail Park, Stanway, ",Colchester,,CO3 8RG,NOT LIVE,52.231486,-0.906157
"Unit 4A, Nene Valley Retail Park, ",Northampton,Northampton,NN1 1ET,NOT LIVE,51.565209,0.144119
"Whalebone Lane South, Chadwell Heath, ",Dagenham,Greater London,RM8 1AZ,NOT LIVE,51.504469,-0.41321
"Unit 1, Argent Centre, Silverdale Road",Hayes,Middlesex,UB3 3BS,NOT LIVE,52.004873,-0.794699
"Westcroft Retail Park, 22A Barnsdale Drive, ",Milton Keynes,Buckinghamshire,MK4 4DD,NOT LIVE,53.455675,-2.916382
"Stonedale Retail Park, East Lancashire Road, ",Liverpool,,L11 9DH,NOT LIVE,53.072714,-0.814089
"Victoria Street,  ",Newark,Nottinghamshire,NG24 4UU,NOT LIVE,56.6438,-2.881671
"3 Academy Street,  ",Forfar,Angus,DD8 2XF,NOT LIVE,53.805068,-1.481131
"Unit B, Killingbeck Retail Park, York Road",Leeds,West Yorkshire,LS14 6UF,NOT LIVE,54.754993,-6.607818
"Unit B, 25 - 27 Market Street, ",Magherafelt,Northern Ireland,BT45 6EE,NOT LIVE,54.923762,-1.619385
"Unit 8 Retail World, Team Valley Trading Estate, ",Gateshead,Tyne and Wear,NE11 0BD,NOT LIVE,51.657146,-0.399004
"22 - 23 High Street,  ",Watford,Hertfordshire,WD17 1EA,NOT LIVE,51.361592,1.398352
"Unit 2B, East Kent Retail Park, Westwood Road",Broadstairs,Kent ,CT10 2RQ,NOT LIVE,51.46482,-2.142746
"Unit 3, Chippenham Retail Park, Bumpers Way",Chippenham,Wiltshire,SN14 6LH,NOT LIVE,54.260812,-0.415649
"Mereside Retail Park, Seamer Road, ",Scarborough,North Yorkshire,YO12 4DH,NOT LIVE,51.507947,-2.564631
"Units 4 - 5, Abbeywood Retail Park, Station Road",Filton,Bristol,BS34 7JL,NOT LIVE,53.68847,-1.630583
"Units 1 - 2, Link Road, Wilton Street",Dewsbury,West Yorkshire,WF12 8AB,NOT LIVE,53.531409,-1.155109
"Danum Retail Park, York Road, ",Doncaster,,DN5 8LZ,NOT LIVE,53.559057,-1.473545
"Old Mill Lane,  ",Barnsley,South Yorkshire,S71 1LP,NOT LIVE,52.406144,-4.068741
"Unit 1, Parc-Y-Llyn Retail Park, ",Aberystwyth,Wales,SY23 3TL,NOT LIVE,54.584195,-5.898654
"60-64 Cregagh Road,  ",Belfast,Co. Antrim,BT6 9EQ,NOT LIVE,53.09965,-2.44115
"Unit B, The Market Centre, ",Crewe,Cheshire,CW1 2NG,NOT LIVE,54.642248,-3.563722
"Derwent Howe Retail Park, Derwent Drive, ",Workington,Cumbria,CA14 3YW,NOT LIVE,54.959932,-1.675607
"Unit 2B, Metro Retail Park, ",Gateshead,Tyne & Wear,NE11 9XU,NOT LIVE,51.439216,-2.622843
"Unit D, Winterstoke Road, ",Bristol,,BS3 2LF,NOT LIVE,53.258715,-2.126384
"2 Exchange Street,  ",Macclesfield,Cheshire,SK11 6UZ,NOT LIVE,54.656343,-2.745112
"4 Bridge Lane,  ",Penrith,Cumbria,CA11 8JB,NOT LIVE,51.40714,0.750408
"Neatscourt Retail Park, Queensborough, ",Isle of Sheppey,Kent,ME11 5JS,NOT LIVE,51.567888,0.117376
"Unit 1A, Goodmayes Retail Park, High Road",Chadwell Heath,Greater London,RM6 4HX,NOT LIVE,53.615824,-0.213826
"Unit 2013A, Kennedy Way, Washdyke Lane",Immingham,North East Lincolnshire,DN40 2AB,NOT LIVE,52.27205,-2.154941
"Units 1 - 2, Droitwich Spa Retail Park, Kidderminster Road",Droitwich ,Worcestershire,WR9 9AY,NOT LIVE,51.483628,-0.064911
"593 - 613 Old Kent Road,  ",Peckham,London,SE15 1LA,NOT LIVE,53.958449,-2.021365
"Belmont St,  ",Skipton,N. Yorkshire,BD23 2AD,NOT LIVE,53.096313,-2.0309
"Barnfields Rd,  ",Leek,Staffordshire,ST13 5QJ,NOT LIVE,52.64772,-1.935316
"Ferrie Grove, Brownhills, ",Walsall,W.Midlands,WS8 6EB,NOT LIVE,53.790478,-2.249159
"Active Way,  ",Burnley,Lancashire,BB11 1AL,NOT LIVE,52.728838,-1.363744
"Unit A, Whitwick Rd, Stephenson Way",Coalville,,LE67 3JN,NOT LIVE,52.251841,0.690726
"Western Way Retail Park, Western Way, ",Bury St Edmunds,Suffolk,IP33 3SP,NOT LIVE,FAILED,FAILED
"Alloa Retail Park, Clackmannan Road, ",Alloa,,FK10 1RW,NOT LIVE,54.52254,-1.218794
"Unit K,  Parkway Centre, Hamsterley Way",,Coulby Newham,TS8 0FA,NOT LIVE,55.9005,-3.642036
"Unit 2 Bathgate Retail Park, 24D Whitburn Rd, ",Bathgate,West Lothian,EH48 1HH,NOT LIVE,53.838388,-1.769893
"Otley Rd, Balldon Bridge, ",Shipley,W.Yorkshire,BD17 7TY,NOT LIVE,54.538828,-1.557454
"Meynell Road, Off Whessoe Rd, ",Darlington,County Durham,DL3 0XZ,NOT LIVE,51.262858,-1.10441
"120 - 122 Worting Road, Thorneycroft Industrial Estate, ",Basingstoke,,RG21 8BJ,NOT LIVE,55.890306,-4.183984
"Unit 1,  Robroyston Retail Park, 49 Monument Drive",Glasgow,Robroyston,G33 1AD,NOT LIVE,55.809462,-4.350778
"12 Woodneuk Road, (Off Nitshill Road), ",Darnley,Glasgow,G53 7RT,NOT LIVE,53.021976,-1.484289
"Chapel Street,  ",Belper,Derbyshire,DE56 1AR,NOT LIVE,52.736704,-2.730456
"Lancaster Retail Park, Brixton Way, ",Shrewsbury,Shropshire,SY1 3AZ,NOT LIVE,52.20593,0.14543
"5 Beehive Centre, Coldhams Lane, ",Cambridge,,CB1 3ER,NOT LIVE,53.449452,-1.341417
"Great Eastern Retail Park, Park Gate, (Off Beale Way)",Rotherham,,S62 6EJ,NOT LIVE,52.595444,-2.001177
"Reedswood Retail Park, Reedswood Way, ",Walsall,West Midlands,WS2 8XA,NOT LIVE,52.44479,1.722907
"Tower Road,  ",Lowestoft,Suffolk,NR33 7NG,NOT LIVE,50.833788,-1.18574
"Speedfield Park, Newgate Lane, ",Fareham,Hampshire,PO14 1TR,NOT LIVE,53.700102,-2.286322
"Bocholt Way,  ",Rawtenstall,Lancashire,BB4 7NL,NOT LIVE,55.844409,-4.468973
"Unit 1, Phoenix Retail Park, Linwood Road",Paisley,Renfrewshire,PA1 2AB,NOT LIVE,51.205827,-2.175981
"Fairfield Road,  ",Warminster,Wiltshire,BA12 9FE,NOT LIVE,51.460978,-1.012443
"Reading Retail Park, 709-731 Oxford Road, ",Reading,Berkshire,RG30 1PR,NOT LIVE,51.820405,-0.807851
"Cambridge Close,  ",Aylesbury,Buckinghamshire,HP20 1DF,NOT LIVE,55.940023,-3.313767
"113 Glasgow Road,  ",Maybury,Edinburgh,EH12 8LU,NOT LIVE,55.851587,-4.419867
"69 Renfrew Road,  ",Paisley,Renfrewshire,PA3 4BX,NOT LIVE,52.256233,-0.832558
"Billing Brook Road, Weston Favell, ",Northampton,Northants,NN3 8SE,NOT LIVE,51.479745,-2.534805
"Channons Hill Retail Park,  ",Fishponds,Bristol,BS16 2EA,NOT LIVE,52.604807,1.718644
"Pasteur Road,  ",Great Yarmouth,Norfolk,NR31 0DW,NOT LIVE,52.028952,-0.764243
"Unit B, Routeco Retail Park, ",Milton Keynes,Buckinghamshire,MK6 1BN,NOT LIVE,55.07631,-3.627116
"Units 6 - 7, Cuckoo Bridge Retail Park, ",Dumfries,Scotland,DG2 9BF,NOT LIVE,53.485046,-2.963763
"Switch Island Leisure Park, Dunnings Bridge Road, ",Bootle,Liverpool,L30 6TQ,NOT LIVE,51.18306,-2.531835
"Fosse Lane,  ",Shepton Mallet,Somerset,BA4 4PS,NOT LIVE,52.689483,-2.025798
"Church Street,  ",Cannock,Staffordshire,WS11 1DH,NOT LIVE,51.915242,-2.099348
"Unit 1, Kingsditch Retail Park, Tewkesbury",Cheltenham,Gloucestershire,GL51 9PX,NOT LIVE,52.041029,1.099592
"Unit B, Interchange Retail Park, London Road",Ipswich,Suffolk,IP8 3TT,NOT LIVE,53.404356,-1.503327
"Units 60 - 70, Middlewood Road, ",Hillsborough,Sheffield,S6 4HA,NOT LIVE,51.980242,-0.20437
"2nd Avenue,  ",Letchworth,Hertfordshire,SG6 2UQ,NOT LIVE,52.492247,-0.683478
"Lloyds Road,  ",Corby,Northamptonshire,NN17 1AP,NOT LIVE,52.995564,-2.208468
"Unit 1, Springfield Park, ",Stoke-On-Trent,Staffordshire,ST4 6PD,NOT LIVE,52.65838,1.282118
"Mile Cross Lane,  ",Norwich,Norfolk,NR6 6RY,NOT LIVE,55.978718,-3.232514
"154 West Granton Road,  ",Granton,Edinburgh,EH5 1PE,NOT LIVE,53.076711,-2.516952
"Beam Heathway,  ",Nantwich,Cheshire,CW5 6PQ,NOT LIVE,51.859972,-2.214931
"Unit 2, Gloucester Retail Park, Eastern Avenue",Gloucester,Gloucestershire,GL4 3BY,NOT LIVE,51.072713,-4.042742
"Coney Avenue,  ",Barnstaple,North Devon,EX32 8QJ,NOT LIVE,53.343781,-2.886614
"HEAD OFFICE,  ",,,L24 8RJ,NOT LIVE,53.796678,-3.023468
"231 Vicarage Lane,  ",Blackpool,,FY4 4NG,NOT LIVE,53.572952,-2.423545
"Unit 1A, Central Retail Park, Manchester Road",Bolton,Lancashire,BL2 1HQ,NOT LIVE,53.8082,-1.753097
"Kings Road,  ",Bradford,,BD2 1EY,NOT LIVE,51.462079,-3.272073
"Unit 1A & 1B, Culverhouse Cross, Port Road",Cardiff,Cardiff,CF5 6XJ,NOT LIVE,53.543813,-1.0806
"Unit 2, Thorne Retail Park, Ogden Road",Doncaster,,DN2 4SG,NOT LIVE,53.716879,-1.856455
"Shay Syke, Stoney Road, ",Halifax,West Yorkshire,HX1 2ND,NOT LIVE,53.777191,-0.335586
"Oslo Road, Sutton Fields, ",Kingston Upon Hull,,HU7 0YN,NOT LIVE,53.223123,-0.552471
"Tritton Road,  ",Lincoln,Lincolnshire,LN6 7AN,NOT LIVE,53.463382,-2.183718
"641 Hyde Road, Belle Vue, ",Manchester,,M12 5PS,NOT LIVE,53.545067,-2.091789
"Hill Street,  ",Oldham,,OL4 2AG,NOT LIVE,53.763772,-2.685714
"Ribbleton Lane,  ",Preston,Lancashire,PR1 5LB,NOT LIVE,53.677358,-1.496294
"Ings Road,  ",Wakefield,,WF1 1RN,NOT LIVE,53.540458,-1.433849
"Unit 1, Barnsley Retail Park, Wombwell Lane",Barnsley,,S70 3NS,NOT LIVE,54.919134,-1.402763
"39-41 The Green, Southwick, ",Sunderland,,SR5 2HJ,NOT LIVE,52.896693,-1.45432
"Ascot Drive,  ",Derby,,DE24 8GZ,NOT LIVE,53.760281,-2.694091
"Carlisle St, Ringway, ",Preston,Lancashire,PR1 1DT,NOT LIVE,55.94926,-4.762665
"2 Inverkip Street,  ",Greenock,Renfrewshire,PA15 1SR,NOT LIVE,52.525865,-1.467941
"Newton Retail Park,  ",Nuneaton,Warwickshire,CV11 4FN,NOT LIVE,52.066644,-2.721617
"Unit 1, Salmon Retail Park, Holmer Road",Hereford,,HR4 9SA,NOT LIVE,52.429214,-1.488519
"Unit P, Gallagher Retail Park, Stoney Stanton Road",Coventry,,CV6 5QE,NOT LIVE,52.647891,-1.123743
"Unit 1, Belgrave Gate, Belgrave Road",Leicester,,LE4 6AR,NOT LIVE,53.567479,-0.081415
"155 Victoria Street South,  ",Grimsby,South Humberside,DN31 1NH,NOT LIVE,51.463321,-2.115521
"Hathaway Retail Park ,  ",Chippenham ,Wiltshire,SN15 1JG,NOT LIVE,51.635968,-3.970612
"CWMDU Industrial Estate, 719 Carmarthen Road, ",Swansea,,SA5 8JF,NOT LIVE,53.20652,-3.026345
"Units 2- 4 Deeside Retail Park, Chester Road East, ",Queensferry,Deeside,CH5 1SA,NOT LIVE,54.596632,-5.893046
"Unit 7, Connswater Retail Park, ",Connswater,Belfast,BT5 5DL,NOT LIVE,53.547667,-2.128091
"Unit A,  Gateway Retail Park, Chadderton Way",Oldham,Chadderton,OL9 6QR,NOT LIVE,56.480699,-2.994802
"Kingsway Retail Park, Clepington Road, ",Dundee,,DD3 8RX,NOT LIVE,54.573385,-1.286567
"Unit B, Portrack Lane, ",Stockton-on-Tees,,TS18 2PA,NOT LIVE,54.990028,-1.676086
"Units 4+5, St James Retail Park, Stamfordham Road",Newcastle Upon Tyne,,NE5 2SF,NOT LIVE,55.946502,-3.991541
"Unit 1, St Mungo’s Retail Park, ",Cumbernauld,Glasgow,G67 1QR,NOT LIVE,52.962972,-1.17748
"Unit 1A-1B,  Castle Retail Park, Radford Boulevard",,Nottingham,NG7 5QJ,NOT LIVE,53.442431,-2.93999
"Utting Avenue,  ",Walton,Liverpool,L4 9XU,NOT LIVE,51.457292,-3.185708
"Units M1 & M2, Cardiff Bay Retail Park, Ferry Road",Cardiff,South Wales,CF11 0JR,NOT LIVE,53.14415,-1.199829
"Unit 1 Stockwell Gate,  ",Mansfield,,NG18 1LG,NOT LIVE,51.894501,-0.449556
"38A Wingate Road,  ",Luton,,LU4 8PX,NOT LIVE,56.112983,-3.923224
"Kerse Road,  ",Stirling,Scotland,FK7 7SG,NOT LIVE,56.081503,-3.408902
"Unit 2, Halbeath Retail Park, ",Dunfermline,Fife,KY11 4LP,NOT LIVE,51.305096,-2.210002
"Unit 1, Trowbridge Retail Park, 235 Bradley Road",Trowbridge,,BA14 0RQ,NOT LIVE,55.836374,-4.087725
"Birkenshaw Industrial Estate, Rannock Road, ",Uddingston,Glasgow,G71 5PR,NOT LIVE,53.775634,-1.534057
"Unit 4, City South Retail Park, Tulip Street",Hunslet,Leeds,LS10 2BB,NOT LIVE,52.128935,-0.46088
"Unit 1, Alban Retail Park, London Rd",Bedford,,MK42 0NW,NOT LIVE,53.357517,-2.868192
"Speke Hall Road,  ",Hunts Cross,Liverpool,L24 9WA,NOT LIVE,51.941603,1.258569
"Unit F, Harwich Gateway Retail Park, Freshfields Road",Harwich,Essex,CO12 4EN,NOT LIVE,52.579529,-2.115309
"Unit 2, Bilston Road, ",Wolverhampton,,WV2 2QB,NOT LIVE,55.791027,-4.077545
"Unit 3, Ochil View Court, Whistleberry Road",Blantyre,Lanarkshire,G72 0TH,NOT LIVE,53.621025,-2.154499
"Whitworth Road,  ",Rochdale,Greater Manchester,OL12 0EU,NOT LIVE,50.421424,-4.23376
"Tamar View Industrial Estate, Edgecombe Road, ",Saltash,Cornwall,PL12 6LD,NOT LIVE,51.486018,0.276205
"Unit 2B, Lakeside Retail Park, ",Thurrock,Essex,RM20 1WN,NOT LIVE,54.886645,-2.924342
"Unit B, St Nicholas Gate Retail Park, London Road",Carlisle,Cumbria,CA1 2EA,NOT LIVE,52.374767,-0.718908
"Unit 1, Kettering Retail Park, Carina Road",Kettering,Northamptonshire,NN15 6YA,NOT LIVE,53.72385,-1.362889
"Albion Street,  ",Castleford,West Yorkshire,WF10 1QX,NOT LIVE,55.855081,-4.20837
"Unit 7, Forge Retail Park, 11 Biggar Street",Parkhead Forge,Glasgow,G31 4BH,NOT LIVE,53.400854,-2.356125
"Altrincham Retail Park, George Richards Way, Broadheath",Altrincham,Cheshire,WA14 5GR,NOT LIVE,50.935103,-2.646606
"Lysander Road,  ",Yeovil,Somerset,BA20 2AU,NOT LIVE,51.176935,-1.770897
"118 - 130 London Road, Amesbury, ",Salisbury,Wiltshire,SP4 7EQ,NOT LIVE,51.789287,1.147877
"Unit 4, Waterglade Retail Park, Old Road",Clacton,Essex,CO15 1HX,NOT LIVE,52.461436,1.569666
"Crossing Cottage, George Westwood Way, ",Beccles,Suffolk,NR34 9EJ,NOT LIVE,53.344585,-1.357091
"Units 16 - 17, Drakehouse Retail Park, ",Sheffield,,S20 7JJ,NOT LIVE,53.30223,-4.618063
"London Road, Penhros, ",Holyhead,Anglesey,LL65 2TJ,NOT LIVE,51.606035,-1.224646
"Unit 1, Wallingford Road Retail Park, ",Didcot,Oxfordshire,OX11 9DA,NOT LIVE,51.669419,-1.307176
"Fairacres Retail Park, Marcham Road, ",Abingdon,,OX14 1BY,NOT LIVE,51.291295,1.099587
"Units 1 - 3, 6 Marshwood Close, ",Canterbury,Kent,CT1 1DX,NOT LIVE,52.313007,-1.939028
"Abbey Retail Park,  ",Redditch,Worcestershire,B97 6RF,NOT LIVE,53.400792,-2.191434
"Stockport Road, Cheadle Heath, ",Stockport ,Cheshire,SK3 0TQ,NOT LIVE,54.84318,-1.822354
"Delves Lane,  ",Consett,County Durham,DH8 7ES,NOT LIVE,51.769316,-3.337549
"Units 1 - 2, Dowlais Top Retail Park, ",Merthyr Tydfil,Glamorgan,CF48 2TA,NOT LIVE,52.517291,-1.797011
"Castle Vale Retail Park,  ",Erdington,Birmingham,B35 6HB,NOT LIVE,55.999093,-3.779537
"Meadow Street Retail Park,  ",Falkirk,,FK1 1RP,NOT LIVE,57.161318,-2.11213
"Unit 5B, Kittybrewster Retail Park, Bedford Road",Aberdeen,,AB24 3LJ,NOT LIVE,51.650875,-3.022732
"Tudor Road,  ",Cwmbran,Monmouthshire,NP44 3PH,NOT LIVE,52.422155,-1.449927
"Ansty Road, Walsgrave, ",Coventry,West Midlands,CV2 3BQ,NOT LIVE,51.895994,-0.201935
"Unit 3 Oaklands Industrial Estate, London Road, ",Stevenage,Hertfordshire,SG1 1XW,NOT LIVE,50.334293,-4.784542
"Southbourne Road,  ",St Austell,Cornwall,PL25 4RU,NOT LIVE,50.449735,-4.451489
"Unit 1, The Bubble Retail Park, Plymouth Road",Liskeard,Cornwall,PL14 3WQ,NOT LIVE,51.528367,-2.598875
"Unit 3, Centaurus Road, Cribbs Causeway",Patchway,Bristol,BS34 5TS,NOT LIVE,51.607226,-0.068399
"867 - 869 High Road,  ",Tottenham,London,N17 8EY,NOT LIVE,51.523044,-0.384051
"Unit 2, Willow Tree Lane Retail Park, Glencoe Road",Yeading,Middlesex,UB4 9SN,NOT LIVE,52.29032,-0.686493
"Units 1-3 Whitworth Way, Victoria Park, ",Wellingborough,Northamptonshire,NN8 2EF,NOT LIVE,51.888224,-0.504336
"42 Luton Road,  Dunstable",Bedford,Bedfordshire,LU5 4JN,NOT LIVE,53.756203,-2.369318
"Hyndburn Road,  ",Accrington,Lancashire,BB5 4AH,NOT LIVE,51.559568,-1.808291
"Paddington Drive, Churchward, ",Swindon,Wiltshire,SN5 7YW,NOT LIVE,52.533133,-1.782639
"Walmley Ash Road,  ",Minworth,Birmingham,B76 1FG,NOT LIVE,52.970318,-0.057859
"Unit 3, Alban Retail Park, Grantham Road",Boston,,PE21 7NN,NOT LIVE,53.196417,-2.910111
"Chester Retail Park, 5B Old Seals Way, ",Chester,Cheshire,CH1 4RY,NOT LIVE,52.619497,-1.927677
"Coppice Lane, Walsall Wood, ",Walsall,,WS9 9AA,NOT LIVE,52.200721,-1.710869
"Unit 1, Avon Industrial Estate, Birmingham Road",Stratford-upon-Avon,Warwickshire,CV37 0HZ,NOT LIVE,54.112265,-3.234989
"Corner House Park, Hindpool Road, ",Barrow In Furness,Cumbria,LA14 2NE,NOT LIVE,50.222788,-5.269049
"Pool Industrial Estate, Station Road, ",Redruth,Cornwall,TR15 3QJ,NOT LIVE,52.140288,-0.991783
"Old Tiffield Road,  ",Towcester,Northamptonshire,NN12 6PF,NOT LIVE,53.764342,-0.454839
"Willerby Shopping Centre, Beverly Road, Willerby",Kingston Upon Hull,South Humberside,HU10 6XA,NOT LIVE,57.639921,-3.310231
"Unit 1A, Springfield Retail Park, 20 Edgar Road",Elgin,Morayshire,IV30 6WQ,NOT LIVE,50.91055,-3.465238
"Lowman Way,  ",Tiverton,Devon,EX16 6SR,NOT LIVE,57.482084,-4.244448
"Telford Retail Park, Telford Street, ",Inverness,,IV3 5LE,NOT LIVE,55.943744,-4.560833
"19 Glasgow Road,  ",Dumbarton,Strathclyde,G82 1RB,NOT LIVE,55.671576,-3.771264
"Unit 5, Braidfute Retail Park, Hyndford Road",Lanark,,ML11 7LQ,NOT LIVE,54.345844,-1.437356
"Willowbeck Road,  ",Northallerton,North Yorkshire,DL7 8DL,NOT LIVE,53.327511,-2.970945
"Tebay Retail Park, Tebay Road, ",Birkenhead,Merseyside,CH62 3AB,NOT LIVE,51.556881,0.006419
"444 Leytonstone High Road,  ",Leytonstone,London,E11 3HR,NOT LIVE,53.410211,-2.919692
"Edge Lane,  ",Liverpool,,L13 1AA,NOT LIVE,51.153622,1.298796
"Honeywood Retail Park, Honeywood Parkway, White Cliffs Business Park",Whitefield,Dover,CT16 3PS,NOT LIVE,53.525491,-1.138242
"Church View,  ",Doncaster,,DN1 1RE,NOT LIVE,56.477129,-2.927918
"Kingsway East, Milton of Craigie Road, ",Dundee,,DD4 7XE,NOT LIVE,55.932825,-3.102251
"Newcraighall Road,  Fort Kinnaird",Edinburgh,,EH15 3HS,NOT LIVE,51.728105,0.481788
"Parkway,  ",Chelmsford,Essex,CM2 7PX,NOT LIVE,53.339259,-2.731738
"Unit 1, Bridge Retail Park, Thomas Jones Way",Runcorn,Cheshire,WA7 5AQ,NOT LIVE,52.961622,-1.067664
"Unit 2, Victoria Retail Park, Netherfield",Nottingham,,NG4 2PE,NOT LIVE,51.415661,-2.599858
"Unit 7A, Imperial Retail Park, Hartcliffe Way",Bristol,,BS13 7TJ,NOT LIVE,50.742745,-1.955254
"Mannings Heath Retail Park,  Yarrow Road",Poole,Dorset,BH12 4QY,NOT LIVE,50.803054,-0.666282
"Unit 1,  Sothern Cross Trading Estate, Oldlands Way",,Bognor Regis,PO22 9SA,NOT LIVE,50.840471,-1.039152
"Fitzherbert Road, Farlington, ",Portsmouth,,PO6 1RR,NOT LIVE,53.752773,-0.315408
"Holderness Road,  ",Hull,,HU8 8SR,NOT LIVE,51.132471,-0.187953
"Unit 3A,  County Oak Retail Park, London Road",,Crawley,RH11 7XN,NOT LIVE,52.85559,-3.048578
"Penda Retail Park, Salop Road, ",Oswestry,,SY11 2RL,NOT LIVE,53.452807,-2.083685
"Manchester Road Retail Park, Manchester Road, ",Hyde,,SK14 2BD,NOT LIVE,53.758933,-2.446591
"The Peel Centre, Hyndburn, ",Blackburn,,BB1 3HT,NOT LIVE,54.374957,-1.731334
"Unit 1 Gough Road, Catterick Garrison, ",Catterick,,DL9 3EL,NOT LIVE,53.082351,-1.372601
"Nottingham Road, Somercotes, ",Alfreton,Derbyshire,DE55 4JJ,NOT LIVE,52.913639,-1.42041
"Megaloughton Lane, Spondon, ",Derby,Derbyshire,DE21 7BR,NOT LIVE,53.595842,-2.310606
"Crostons Retail Park, Wood Street, ",Bury,,BL8 1AG,NOT LIVE,51.537896,0.08126
"Vicarage Field Shopping Centre, Ripple Road, ",Barking,,IG11 8DQ,NOT LIVE,53.138148,-1.193618
"Baums Lane,  ",Mansfield,Notts,NG18 2RA,NOT LIVE,53.318949,-3.817311
"Mostyn Champney Retail Park,  ",Llandudno,Gwynedd,LL30 1RY,NOT LIVE,51.559631,-0.401538
"428A Victoria Road,  ",South Ruislip,Hertfordshire,HA4 0XL,NOT LIVE,FAILED,FAILED
"Wilfred Street, (Off Whites Croft), ",Swinton,,M27 6LV,NOT LIVE,55.167532,-1.549868
"Freeman Way,  ",Ashington,Northumberland,NE63 0YB,NOT LIVE,51.52459,-0.615938
"417 Montrose Avenue,  ",Slough,Berkshire,SL1 4XP,NOT LIVE,51.665984,-3.803387
"Riverside Drive,  ",Neath,,SA11 1RX,NOT LIVE,51.124628,-3.003348
"Broadway,  ",Bridgewater,Somerset,TA6 3LN,NOT LIVE,54.878423,-1.36317
"Ryhope Road,  ",Sunderland,Tyne&Wear,SR2 9TH,NOT LIVE,53.433879,-2.207658
"Kingsway ,  ",Burnage,Manchester,M19 1BB,NOT LIVE,51.693909,-4.929296
"London Road,  ",Pembroke Dock,Dyfed,SA72 6TX,NOT LIVE,51.442612,0.367717
"2-4 New Road,  ",Gravesend,Kent,DA11 0AA,NOT LIVE,50.129082,-5.515826
"Longrock Bypass, Longrock, ",Penzance,Cornwall,TR18 3AR,NOT LIVE,51.793285,-3.223007
"Brunswick Construction Site,  ",Ebbw Vale,Gwent,NP23 5YD,NOT LIVE,52.057475,1.15896
"Units 47-51, Eastgate Shopping Centre, ",Ipswich,East Anglia,IP4 1HB,NOT LIVE,54.684817,-1.213201
"Middleton Grange Shopping Centre, Park Road, ",Hartlepool,,TS24 7RN,NOT LIVE,53.478154,-2.125653
"Snipe Retail Park, Snipe Way, ",Ashton-under-Lyne,,OL7 0DN,NOT LIVE,52.571338,-0.243475
"Bridge Street,  ",Peterborough,,PE1 1DH,NOT LIVE,54.667352,-1.209879
"Teesbay Retail Park, Brenda Road, ",Hartlepool,,TS25 1XH,NOT LIVE,52.101996,-1.951608
"Worcester Road,  ",Evesham,Worcs,WR11 4XF,NOT LIVE,52.483303,-0.90125
"1B Euro Business Park, Rockingham Road, ",Market Harborough,Leics,LE16 7QF,NOT LIVE,52.807188,-1.627402
"Horninglow Street,  ",Burton On Trent,,DE14 1NG,NOT LIVE,FAILED,FAILED
"Anglia Retail Park, Bury Road, ",Ipswich,,1P1 5QP,NOT LIVE,51.603287,-3.808168
"Unit 1,  Quora Retail Park, ",Delves Court, Thorne,,NOT LIVE,52.808477,-2.116274
"Baglan Bay Retail Park, Christchurch Road,  Baglan",,Port Talbot,SA12 7BZ,NOT LIVE,50.410392,-4.151519
"Unit 3,  Kingsmead Retail Park, ",,Stafford,ST16 3AE,NOT LIVE,51.095089,1.165791
"Unit A,  Transit Way Retail Park, Off Crownhill Road",Plymouth,Honicknowle,PL5 3TW,NOT LIVE,53.422335,-2.977709
"Park Farm Retail Park, Churchill Avenue, ",Folkestone,,CT19 5GA,NOT LIVE,51.796478,-4.087172
"Unit 6,  New District Centre, Great Homer Street",,Liverpool,L5 3LQ,NOT LIVE,51.569987,-3.003759
"Unit 2,  Cross Hands Retail Park, Cross Hands",,Llanelli,SA14 6NB,NOT LIVE,53.151061,0.332651
"28 East Retail Park,  ",Newport,,NP20 2NN,NOT LIVE,FAILED,FAILED
"Burgh Road Retail Park,  ",Skegness,,PE25 2RT,NOT LIVE,52.788356,-0.147491
"Unit 4 , Foss Islands Retail Park , ",York ,,Y031 7UL ,NOT LIVE,58.431474,-3.096962
"70 Westlode Street ,  ",Spalding,Lincolnshire,PE11 2AA,NOT LIVE,51.776148,-0.222009
"Unit 1, Wick Retail Park, ",Wick,,KW1 5NU,NOT LIVE,54.893778,-1.576979
"Comet Way,  ",Hatfield,Hertfordshire,AL9 5JP,NOT LIVE,53.78556,-1.81972
"Durham Road, Birtley, ",Chester-Le-Street,,DH3 2PF,NOT LIVE,51.197623,0.283875
"Townend Road, Clayton, ",Bradford,,BD14 6BP,NOT LIVE,51.953864,-0.267101
"Unit 2, Cannon Lane Retail Park, ",Tonbridge,Kent,TN9 1PQ,NOT LIVE,52.902578,-2.148046
"Nightingale Road,  ",Hitchin,,SG5 1RL,NOT LIVE,54.570161,-1.165897
"54-60 High Street,  ",Stone,,ST15 8AU,NOT LIVE,54.71275,-3.496549
"Trunk Road,  Eston",Middlesbrough,,TS6 9QH,NOT LIVE,52.478126,-2.111657
"76 Curzon Street,  ",Maryport,Cumbria,CA15 6DA,NOT LIVE,53.345264,-2.839434
"Unit One, The Merry Hill Centre, Brierley Hill",Dudley,,DY5 1SY,NOT LIVE,53.829517,-1.711571
"Unit 2, Speke Retail Park, Speke",Liverpool,,L24 2WZ,NOT LIVE,51.34936,-2.979113
"762 Harrogate Road,  ",Bradford,,BD10 0QF,NOT LIVE,51.873071,-0.398986
"66-68 High Street,  ",Weston Super Mare,,BS23 1HS,NOT LIVE,53.615349,-2.128282
"Unit 3A, Luton Retail Park, ",Luton,,LU1 3JH,NOT LIVE,54.34162,-2.73396
"Kingsway Retail Park, Wallhead Road, ",Rochdale,,OL16 5AF,NOT LIVE,51.530937,0.147036
"Unit 5, South Lakeland Retail Park, Queen Katherines Avenue",Kendal,,LA9 6DU,NOT LIVE,52.63706,-1.131274
"Merrielands Retail Park, Merrielands Crescent, ",Dagenham,,RM9 6SR,NOT LIVE,53.501292,-1.438892
"Unit 14-16,  Kemble Square, Haymarket Shopping Centre",,Leicester,LE1 3YH,NOT LIVE,51.902923,-0.666444
"Market Street,  Hoyland",Barnsley,,S74 9QR,NOT LIVE,53.992093,-1.101739
"Unit 4, Grovebury Retail Park, Grovebury Road",Leighton Buzzard,,LU7 4EG,NOT LIVE,51.522153,0.550296
"Unit 6/7, Clifton Moor Retail Park, Stirling Road",York,,YO30  4XZ,NOT LIVE,53.58027,-2.383125
"Unit 1, Canvey Retail Park, Roscommon Way",Canvey Island,,SS8 0EJ,NOT LIVE,51.726556,-2.526725
"Units C1 & C2, Bury Road, Breightmet",Bolton,,BL2 6NY,NOT LIVE,53.095428,-1.249596
"Hams Road,  ",Lydney,Gloucestershire,GL15 5PE,NOT LIVE,53.864555,-1.85282
"Former The original factory shop, Lindleys Lane , Station Road ",Kirkby-in-Ashfield,Nottingham,NG17 8AB,NOT LIVE,54.463299,-6.329711
"Former Homebase, Keighley Road, ",Bingley,,BD16 2EG,NOT LIVE,55.884566,-3.510952
"45 Castle Lane,  45 Castle Lane ",Lurgan,Craigavon,BT67  9BD ,NOT LIVE,53.714351,-2.089707
"Unit 3 Almondvale Centre, Almondvale South, ",Livingston,,EH54 6NB,NOT LIVE,52.244439,0.405048
"Halifax Road,  ",Todmorden,,OL14 5QR,NOT LIVE,51.113508,-0.185238
"8 The Guineas, The Rookery, ",Newmarket,Suffolk,CB8 8EG,NOT LIVE,53.657716,-1.768228
"County Mall,  ",Crawley,,RH10 1FP,NOT LIVE,52.142772,-0.422027
"Unit G, Leeds Road Retail Park, ",Huddersfield,,HD1 6PF,NOT LIVE,53.028713,-2.209911
"Riverfield Drive,  Goldington",Bedford,,MK41 0UA,NOT LIVE,53.680975,-1.578976
", Wolstanton Retail Park, ",Newcastle-Under-Lyme,,ST5 0AU,NOT LIVE,53.241083,-0.512169
"26 Dale Street,  ",Ossett,West Yorkshire,WF5 9BT,NOT LIVE,54.471058,-0.600354
"Unit 1, Deacon Road, ",Lincoln,,LN2 4QF,NOT LIVE,53.77288,-1.581836
"Stainsacre Lane,  ",Whitby,North Yorkshire,YO22 4NL,NOT LIVE,55.009445,-1.668456
"Unit 3, Junction 1 Retail Park, ",Leeds,,LS11 0BD,NOT LIVE,52.408809,0.72612
"Kingston Park, 102 Brunton Lane, ",Newcastle-upon-Tyne,,NE3 2EZ,NOT LIVE,53.141373,-2.365709
"Unit A, Breckland Retail Park, London Road",Thetford,Norfolk,IP24 3RY,NOT LIVE,51.622567,-2.668401
"Old Mill Road,  ",Sandbach,Cheshire,CW11 4BD,NOT LIVE,54.647479,-5.656499
"Beaufort Park,  Thornwell",Chepstow,,NP16 5TY,NOT LIVE,53.594349,-2.222254
"Retail Park 4, Bloomfield Shopping Centre, ",Bangor,,BT19 7HB,NOT LIVE,52.231558,-0.895554
"1 Dawson Street,  ",Heywood,,OL10 4ND,NOT LIVE,53.814358,-1.602473
"Trenery Way Castle, Cattle Market Road, ",Northampton,,NN1 1HL,NOT LIVE,51.949156,-0.279012
"Unit 3, Savins Mill way, Kirkstall",Leeds,,LS5 3RP,NOT LIVE,51.126723,1.311959
"18 Brand Street,  ",Hitchin,Hertfordshire,SG5 1JE,NOT LIVE,52.692671,-1.810819
"28 Biggin Street,  ",Dover,Kent,CT16 1BX,NOT LIVE,51.42933,-2.544112
"Units B & C , Imperial Retail Park, ",Lichfield ,,WS13 6UB ,NOT LIVE,52.585125,-2.12812
"Unit 5,  Bath Road, Brislington Retail Park",,Bristol,BS4 5NG,NOT LIVE,56.113642,-3.344493
"Dudley Street, Mander Centre, ",Wolverhampton,,WV1 3NB,NOT LIVE,50.817688,-1.055404
"Unit 3,  High Street, North End Park",,Cowdenbeath,KY4 9QA,NOT LIVE,52.561438,-1.823288
"Unit 3A,  Ocean Park",Burrfield Road,Portsmouth,PO3 5NP,NOT LIVE,51.943225,-3.414238
"Units 1 & 2, Newhall Walk Retail Park, ",Sutton Coldfield,,B72 1RX,NOT LIVE,52.750634,-1.451237
", Brecon Enterprise Park, Warren Road",Brecon,,LD3 8BT,NOT LIVE,51.52653,-3.200855
"2 Smithy Road,  Ashby Gateway",Ashby De La Zouch,,LE65 1GW,NOT LIVE,52.486743,-1.807801
"Ashbourn Way,  Llanishen",,Cardiff,CF14 5EB,NOT LIVE,55.03111,-1.519654
"Units H & I, Stechford Retail Park, ",Birmingham,,B33 9AN,NOT LIVE,50.372245,-4.141313
"Unit 1, Norththumberland Retail Park, ",,Shiremoor,NE27 0BW,NOT LIVE,50.852752,-0.986704
"31 Cornwall Street,  ",,Plymouth,PL1 1NW,NOT LIVE,55.961355,-2.980939
", Central Retail Park, Havant",,,PO9 1HH,NOT LIVE,55.843237,-4.253381
"The Links Shopping Centre, High Street, ",Prestonpans,,EH32 9AF,NOT LIVE,52.371986,-2.240074
"Crown Street Retail Park, 61 Gushetfaulds Place, ",Glasgow,,G5 0DP,NOT LIVE,53.229641,-1.291491
"Spennels Valley Road,  ",Kidderminster,,DY10  1XS,NOT LIVE,51.153672,0.285692
"16 Market Place,  Bolsover",Chesterfield,,S44 6PH,NOT LIVE,54.490551,-6.057001
"Unit A1/A2, North Trading Estate, Longfield Road",Royal Tunbridge Wells,,TN2 3UR,NOT LIVE,53.474494,-2.59774
"Unit 2, Sprucefield Retail Park, Lisburn",,Northern Ireland,BT27 5UJ,NOT LIVE,54.780826,-1.537002
"29-39 High Street,  Golborne",,Wigan,WA3 3AX,NOT LIVE,55.905803,-4.403692
"Unit 1A Durham Retal Park, Sunderland Road, ",,Durham,DH1 2RP,NOT LIVE,50.709054,-3.535839
"Clyde Shopping Centre, 104-106 Sylvania Way, ",Clydebank,,G81 2UA,NOT LIVE,54.92835,-2.949064
"Unit 4, Stone Lane Retail Park, Marsh Barton Road",Marsh Barton Trading Estate,Exeter,EX2 8LH,NOT LIVE,51.007678,-4.237718
"Parkhouse Road,  ",Kingstown,Carlisle,CA3 0JR,NOT LIVE,55.857643,-4.02286
"Clovelly Road,  ",,Bideford,EX39 3QU,NOT LIVE,53.508136,-1.120002
"Unit 14 & 15, Faraday Retail Park, Coatbank Street",Coatbridge,,ML5 3SQ,NOT LIVE,54.906535,-1.502359
", Wilmington Drive, ",Lakeside,Doncaster,DN4 5JH,NOT LIVE,51.217608,-1.477292
"Unit 1, Peel Centre, Peel Retail Park",,Washington,NE37 2PA,NOT LIVE,51.464775,0.028937
"Enham Arch Retail Park, Newbury Road, Andover",,,SP10 4DU,NOT LIVE,53.166963,-3.133838
"Kidbrooke Park Road,  ",London,,SE3 9PP,NOT LIVE,53.314823,-3.504248
"Chester Road,  Mold",,Flintshire,CH7 1UE,NOT LIVE,53.405465,-2.980827
"Units 2-5, Marina Quay, Wellington Road",Rhyl,,LL18 1LQ,NOT LIVE,51.021396,-3.064194
"MSU1, Clayton Square Shopping Centre, ",,Liverpool,L1 1QR,NOT LIVE,FAILED,FAILED
"Unit 1, Deane Park Retail Park, Hankridge Way",Taunton,Somerset,TA1 2LR,NOT LIVE,53.262396,-2.512653
"Kingsway Business Park,  Quedgeley",Gloucester,,GL2 8SN,NOT LIVE,52.529679,-2.029639
"21 Leicester Street,  Northwich",,,CW9 5LA,NOT LIVE,53.745996,-0.343234
"Unit 3, Great Bridge Retail Park, ",West Bromwich,,B70 0EN,NOT LIVE,52.600154,1.280847
"Prospect centre, 46 Prospect Street, Hull",,,HU2 8PW,NOT LIVE,50.748785,-1.846092
"Unit 4, 5 Neatmarket, Norwich",,,NR4 6EG,NOT LIVE,51.401542,-3.270479
"Central Lane Mallard Road,  Bournemouth",,Bournemouth,BH8 9PE,NOT LIVE,56.072238,-3.459971
"Unit 4, Water Front Retail Park, Heol Ceiniog",Barry,,CF63 4BA,NOT LIVE,54.968559,-1.837298
"Unit B, Kingsgate, James Street",Dunfermline,Fife,KY12 7QU,NOT LIVE,53.714476,-1.640689
"Tyneview Retail Park, Prudhoe, ",Northumberland,,NE42 6BU,NOT LIVE,55.782913,-4.167985
"Bakeridge Mill, Mayman Lane, ",Batley,,WF17 8FU,NOT LIVE,55.827459,-3.221515
"Unit 10, Kingsgate Retail Park, East Kilbride",,,G74 4UN,NOT LIVE,54.578137,-1.217779
"6 Kentigern Mall,  Penicuik",Midlothian,,EH26 8LE,NOT LIVE,51.499232,-3.138448
"Unit F, Middlehaven Gateway, ",Middlesbrough,,TS3 6RS,NOT LIVE,53.011461,-2.165709
"Unit 2, The Avenue Retail Park, Newport Road",Cardiff,,CF23 9FF,NOT LIVE,FAILED,FAILED
"Unit A, Berry Hill Trading Estate, Victoria Road",Stoke on Trent,,ST4 2NG,NOT LIVE,54.913805,-1.417443
"Helen Street,  ",Glasgow,,GS51 3HR,NOT LIVE,53.645546,-1.782559
"Unit 1, Pallion Retail Park, Woodbine Terrace",Sunderland,,SR4 6TZ,NOT LIVE,50.916381,-1.45352
"21 new Street,  ",Huddersfield,,HD1 2AZ,NOT LIVE,53.705036,-0.871821
"Auckland Road,  Millbrook",Southampton,,SO15 0SD,NOT LIVE,53.793233,-1.433673
"Unit 1A, Wesley Square, ",Goole,,DN14 5EZ,NOT LIVE,51.629234,-0.750211
"Units 1,  2 & 3, Colton Retail Park",Selby Road,Leeds,LS15 9JB,NOT LIVE,53.516273,-2.475991
"9 - 10 High Street, High Wycombe, ",Bucks,,HP11 2AZ,NOT LIVE,55.902858,-4.392902
"Unit 1 Richmond Retail Park, Tyldsley Road, Atherton",,,M46 9AT,NOT LIVE,53.253702,-4.30756
"Unit 1, Livingstone Street, ",Clydebank,,G81 2QT,NOT LIVE,51.234959,-1.139616
"Industrial Estate Road,  ",Llangefni,,LL77 7JA,NOT LIVE,53.76229,-2.734095
"Unit 4, Wallop Drive, Kempshott",Basingstoke,,RG22 4TW,NOT LIVE,56.396563,-3.441615
"Mariners Way, Ashton in Ribble, ",Preston,,PR2 2YN,NOT LIVE,53.091979,-2.437308
"St Catherines Retail Park, Old Market Place, Perth",Scotland,,PH1 5XD,NOT LIVE,53.250651,-3.138883
"Dorothy Flude Retail Park, Lockitt Street, Crewe",,,CW2 7AZ,NOT LIVE,51.499488,-3.203788
"Unit E&F,  Flintshire Retail Park, Holywell Road",Flint,,CH6 5GB,NOT LIVE,52.596829,-2.090243
"Unit A1,  Western Avenue Retail Park, ",Cardiff,,CF14 3AT,NOT LIVE,51.580818,0.087363
"Unit 3B,  Bentley Bridge Retail Park, ",Wolverhampton,,WV11 1BP,NOT LIVE,50.923289,-1.312428
"4 King George Avenue, Newbury Park, Ilford",,,IG2 7SH,NOT LIVE,54.424176,-6.443042
"Unit 1B Hedge End Retail Park, Tollbar Way, ",,Southampton,SO30 2UH,NOT LIVE,FAILED,FAILED
"High Street,  Portadown",,Craigavon,BT62 1HX,NOT LIVE,51.807303,-4.968405
"Unit 3 & 4,  Damolly Retail Park, Armagh Road",Newry,Northen Ireland,Northen Ireland,NOT LIVE,53.564815,-0.616754
"Units 2 + 3, Bridge Meadow Retail Park, ",,Haverfordwest,SA61 2EX,NOT LIVE,56.367079,-3.843299
"C - Ashby Retail Park, Lakeside PKWY, ",,Scunthorpe,DN16 3UA,NOT LIVE,52.136866,-0.469243
"Broich Road, Crieff, Perthshire",,Scotland,PH7 3SE,NOT LIVE,52.240638,-0.927681
"1 Midland Rd,  ",,Bedford,MK40 1PL,NOT LIVE,53.836462,-3.028525
"Unit 2,  ",Northampton,,NN5 5DE,NOT LIVE,54.082878,-0.200837
"Holyoake Avenue,  Bispham",Blackpool,,FY2 0BQ,NOT LIVE,54.836701,-1.331988
"Unit 2,  Hilderthorpe Road, ",Bridlington,,YO15 3HA,NOT LIVE,52.62084,-1.138389
"Unit 12, Byron Place Shopping Centre, ",,Seaham,SR7 7HN,NOT LIVE,51.437546,0.218497
"25 Raw Dykes Road,  ",Leicester,,LE2 7JU,NOT LIVE,FAILED,FAILED
"Princess Road,  ",Dartford,,DA1 1LA,NOT LIVE,52.490943,-2.021276
"Tawd Valley Retail & Leisure Park,  ",Skelmersdale,,WN8 6HX,NOT LIVE,53.051106,-2.98019
"Unit 2, Birchley Retail Park, Wolverhampton Road",Oldbury,,B69 4RJ,NOT LIVE,53.590423,-0.641754
"Units 3 & 4, Border Retail Park, ",,Wrexham,LL13 8NG,NOT LIVE,56.316754,-3.007524
"Unit 1, Carlton St, ",,Scunthorpe,DN15 6UD,NOT LIVE,55.936871,-3.469603
"Unit 1, South Road Retail Park, South Road",Cupar,Fife,KY15 5FA,NOT LIVE,53.02816,-2.191777
"16 Greendykes Road, Broxburn, ",,West Lothian,EH52 5BS,NOT LIVE,51.590447,-0.257997
"Festival Park, Hanley, ",,Stoke-On-Trent,ST1 5SJ,NOT LIVE,54.264326,-0.415667
"Unit 3 Colindale Retail Park, Edgeware Road, ",,London,NW9 6TH,NOT LIVE,56.113034,-3.909523
"Unit B, Seamer Road, ",Scarborough,,YO12 4HE,NOT LIVE,51.563176,0.499132
"Unit 1, Springkerse Retail Park, Stirling",,,FK7 7TL,NOT LIVE,51.65656,-0.27754
"Retail Warehouse, High Road, Hazelmere",Pitsea,,SS13 3JY,NOT LIVE,51.901507,0.900966
"Unit 4, Borehamwood Shopping Park, Theobald Stree",Borehamwood,,WD6 4PR,NOT LIVE,52.452567,-0.108329
"Turner Rise Retail Park, Colchester, ",,,CO4 5TU,NOT LIVE,52.699231,-1.073645
"Newton Road, Ramsey, Huntingdon",Cambridgeshire,,PE26 1EJ,NOT LIVE,52.945753,-1.161392
"Town Square, High St, Syston",Leicester,,LE7 1GZ,NOT LIVE,51.47332,-3.206425
"Units 2-4, Castle Marina Retail Park, ",Nottingham,,NG7 1GX,NOT LIVE,51.442001,-1.062263
"Unit 4,  Capital Retail Park, Leckwith Road",,Cardiff,CF11 8AZ,NOT LIVE,56.198288,-3.160461
"Unit 3,  Savacentre, Bath Road",Calcot,Reading,RG31 7SA,NOT LIVE,53.083505,-0.804551
"Flemington Road,  Glenrothes",,,KY7 5QF,NOT LIVE,53.412583,-2.839285
"Northgate Retail Park, Northgate, Newark",,,NG24 1GA,NOT LIVE,54.068616,-2.872479
"Unit 18 & 19, Cavendish Walk, Huyton",Liverpool,,L36 9YG,NOT LIVE,51.784021,0.107924
"Unit A, Hilmore Way, ",Morecambe,,LA4 4DD,NOT LIVE,51.611884,-0.13958
"Unit 3A - 3B, The Queensgate Centre, Edinburgh Way",Harlow,,CM20 2DA,NOT LIVE,52.400346,-1.817229
"5 Station Road, Arnos Grove, New Southgate",London,,N11 1QJ,NOT LIVE,51.567536,-1.774164
"unit 2G, Solihull Retail Park, Shirley",Solihull,,B90 4LD,NOT LIVE,50.632031,-2.460786
"Unit B, Ocotal Way, County Road",Swindon,,SN1 2EQ,NOT LIVE,53.264258,-2.120749
"6 Souter Way,  ",Weymouth,,DT3 5FU,NOT LIVE,55.599181,-4.499541
"Unit 3, Barracks Mill Retail Park,  Silk Road",Black Lane,Macclesfield,SK10 2AY,NOT LIVE,52.607123,-1.673399
"Unit 3-5, Glencairn Retail Park, Low Glencairn Street",Kilmarnock,,KA1 4AY,NOT LIVE,54.580146,-5.962375
"Unit B, Ninian Way, ",Tamworth,,B77 5DL,NOT LIVE,53.587465,-0.692534
"Unit 7, 24 Boucher Road, ",Belfast,,BT12 6HR,NOT LIVE,54.565652,-1.313813
"Unit 4, North Lincolnshire Shopping Park, Doncaster Road",Scunthorpe,,DN15 8JH,NOT LIVE,53.507323,-1.389281
", 139 - 139A High Street, Stockton On Tees",,,TS18 1LW,NOT LIVE,53.364221,-2.718475
"Unit 8, Cortonwood Shopping Centre, ",Barnsley,,S73 0TB,NOT LIVE,55.808408,-4.377573
"Widnes Trade Park, Widnes Waterfront, Earle Road",Widnes,,WA8 0GU,NOT LIVE,53.469239,-2.941757
"3 Corsemill Place,  Barrhead",Glasgow,,G78 1FQ,NOT LIVE,53.342138,0.248184
"Longmoor Lane, Fazakerley, ",Liverpool,,L9 9HS,NOT LIVE,51.435223,-0.973436
"Golf Road,  ",Mablethorpe,,LN12 1FB,NOT LIVE,53.64526,-2.995595
"Rose Liln Lane Units 3A & 3B, Brunel Shopping Centre, ",Reading,,RG2 0HS,NOT LIVE,52.508731,-1.823705
"Units 1 & 2, Central 12 Retail Park, Derby Road",Southport,,PR9 0TQ,NOT LIVE,51.650839,-3.986782
"The fort Shopping Park ,  ",Birmingham ,,B24 9FP,NOT LIVE,51.676314,-4.138921
"West Retail Park, Cadle, Fforest-Fach",Swansea,,SA5 4BA,NOT LIVE,51.337366,-0.745662
"Unit 8A,  B & C, Trostre Retail Park",Trostre Road,Llanelli,SA14 9UY,NOT LIVE,53.988279,-1.045452
"Princess Way,  ",Camberley,,GU15 3SP,NOT LIVE,54.55815,-1.278513
"Monks Cross Shopping Park , Monks Cross Drive , Huntington",York,,YO32 9GX,NOT LIVE,55.617113,-4.666672
"Teeside Shopping Park,  ",Stockton on Tees,,TS17 7BS,NOT LIVE,50.795079,0.322616
"Unit 4,  East Road Retail Park, 92B East Road",,Irvine,KA12 0AA,NOT LIVE,50.861311,-1.253804
"Unit 7 Sovereign Harbour Retail Park ,  Eastbourne ",,,BN23 6JH,NOT LIVE,51.405499,-1.315408
"166A Southampton Road,  Titchfield ",Fareham ,,PO14 4QL,NOT LIVE,53.544169,-2.653322
"121A London Road ,  ",Newbury ,,RG14 2BX,NOT LIVE,52.462354,0.042239
", 39 Loire Drive, Robin Park Road",Wigan,,WN5 0UH,NOT LIVE,52.535901,-1.374628
"Fenland Way,  ",Chatteris ,,PE16 6RT,NOT LIVE,55.08497,-1.59068
"Unit 1 & 2, 25 Hawley Road, Hinckley",,,LE10 0PR,NOT LIVE,51.475703,-0.04199
"Manor Walks Shopping Centre ,  ",Cramlington ,Northhumberland ,NE23 6YD,NOT LIVE,52.780059,-1.211796
"Unit 2, New Cross Gate Retail Park, 263 New Cross Road",London,,SE14 5UQ,NOT LIVE,53.262654,-2.496405
"Belton Road,  Belton Rd",Loughborough,,LE11 1LW,NOT LIVE,52.926354,-4.128456
"Unit 2 , Northwich Retail Park , ",,Northwich,CW9 5LY,NOT LIVE,52.456046,-2.144771
"Madoc Street ,  Porthmadog",Porthmadog,,LL49 9DD,NOT LIVE,50.394187,-4.091169
"64-67 High Street, Stourbridge , Stoubridge",Stoubridge,,DY8 1DX,NOT LIVE,52.06814,-1.339394
"Unit6, Marsh Mills Retail Park, Lonbridge Road",Plymouth,,PL6 8LX,NOT LIVE,53.002071,-1.128844
"Southam Road,  ",Banbury,,OX16 2AD,NOT LIVE,52.342482,0.510951
"2-6 Front Street,  Arnold",Nottingham,,NG5 7EL,NOT LIVE,51.506662,0.104076
"32-36 St Andrews Street , Midlenhall , Bury Saint Edmunds ",,,IP28 7HB,NOT LIVE,52.944097,-1.495869
"Cannon Retail Park , 6 Twin Thumps Way , London ",,,SE28 8RD ,NOT LIVE,54.901121,-1.533177
"Park Farm Shopping Centre, Park Farm Drive, Allestree",Derby,,DE22 2QN,NOT LIVE,51.581467,-0.338953
"Unit 65-68,  Wellington Square, The Galleries",Washington Town Centre,Washington,NE38 7RU,NOT LIVE,52.517723,-1.903073
"MSU2,  St.George's Shopping Centre, St.Anns Road",Harrow,Harrow,HA1 1HS,NOT LIVE,52.479599,-1.738598
"Unit 2B One Stop Shopping Park , Walsall Road , Perry Barr ",Birmingham ,,B42 1AA,NOT LIVE,52.586964,-1.105414
"Unit 83C, Chelmsley Wood Shopping Centre, Solihull",Birmingham,,B37 5UH,NOT LIVE,53.541119,-2.114853
"Unit 12, The Arcade, Leicester Road",Wigston,Leicester,LE18 1NZ,NOT LIVE,52.407962,-1.510094
"Units 9 & 10, Spindles Shopping Centre, ",Oldham,,OL1 1HD,NOT LIVE,53.27569,-1.262582
"Unit 11, Cathedral Lanes Shopping Centre, Broadgate",Coventry,,CV1 1LL,NOT LIVE,54.941196,-3.931564
"7 Mill Green Way , Clowne , Chesterfield ",Chesterfield,,S43 4JH,NOT LIVE,54.282501,-0.401361
"74-76 Cotton Street , Castle Douglas , Dumfries & Galloway ",,,DG7 1AN ,NOT LIVE,50.812233,-0.369252
"The Balmoral Centre , Westborough , Scarborough ",,,YO11 1LU,NOT LIVE,51.654122,-0.392836
"Unit 1-8, Guildbourne Centre , Worthing ",,,BN11 1LZ,NOT LIVE,53.422107,-3.036752
"Unit E , Atria Watford Shopping Centre, ",Watford ,,WD17 2UB,NOT LIVE,51.333326,-0.267932
"Borne Mall, Beaumont Leys Shopping Centre , Beaumont Leys ",Leicester ,,L44 1DH,NOT LIVE,51.364121,0.608023
"78-80 High Street,  Epsom",Town Centre,,KT19 8BA,NOT LIVE,50.955078,-0.131244
"17 Rainham Shopping Centre, Rainham, Gllingham",High Streeet,,ME8 7HW,NOT LIVE,52.342979,-1.577451
"Unit 6 , Market Place Shopping Centre , Burgess Hill ",,,RH15 9NP,NOT LIVE,52.331029,-0.181648
"697 Station Road,  Kenilworth",697 Station Road,,CV8 1JD,NOT LIVE,52.399807,0.266702
"St Germain, Nursery Road, Huntington",St Germain Walk,,PE29 3FG,NOT LIVE,53.784399,-1.070236
"7 The Cloisters, Market Street, Ely",Ely,,CB7 4ZH,NOT LIVE,53.74884,-2.483574
"Unit 5 & 6 , Abbey Walk Retail Park , Selby",,,YO8 4DZ,NOT LIVE,FAILED,FAILED
"The Mall, 56 King William Street , Blackburn ",,,BB1 7DP,NOT LIVE,51.272846,0.525439
"9 Cibi Walk , Frogmore Street , Abergavenny ",,,NP 5AJ,NOT LIVE,51.609793,-3.661791
"Unit 10, Maidstone, The Mall",,,ME15 6AT,NOT LIVE,53.484256,-2.242609
"Maesteg, 22 Llynfi Road, Bridgend",,,CF34 9DS,NOT LIVE,51.387069,0.547708
"Unit 2 Store 3 , Machester Arndale, Halle Square ",Manchester,,M4 3AQ,NOT LIVE,52.386978,-2.25044
"134-142 High street, Gillingham, Kent",,,ME7 1AS,NOT LIVE,53.786382,-0.321728
"Slingfield Mill , Weavers Wharf , Kidderminster ",,,DY10 1AA ,NOT LIVE,52.112003,-2.328216
"4 North Point Shopping Centre , Goodhard Road , Bransholm ",Hull ,,HU7 4EE,NOT LIVE,51.594536,-0.108525
"Edith Walk , Great Malvern , Malvern ",,,WR14 2HH ,NOT LIVE,52.670255,-0.732532
"High Street, Wood Green Shopping City , London ",,,N22 6YD,NOT LIVE,51.748796,-0.471371
"2 Westgate St, Former Wilko, Oakham",,,LE15 6BH,NOT LIVE,51.456157,0.148202
"Unit B , Marlowes Shopping Centre , Hemel Hempstead ",,,HP1 1DY ,NOT LIVE,53.001538,-1.196208
"Bexleyheath, Former Wilko, Bexleyheath",74 Broadway,,DA6 7DF,NOT LIVE,51.109816,-0.859526
"36/48 Main Street, Bulwell, Main Street",Nottingham,,NG6 8EW,NOT LIVE,51.463073,-2.508785
"The Forest Community , Forest Road , Bordon ",,,GU35 0BJ,NOT LIVE,53.398879,-0.77265
"12 Kings Chase Shopping Centre, Regen St, Kingswood",Bristol,,BS15 8LP,NOT LIVE,52.616705,-2.005047
"Unit 11 & 12 , Marshalls Yard , Gainsborough ",,,DN21 2NA,NOT LIVE,52.700929,-2.519881
"Bloxwich , Unit 2 Market Place , Bloxwich ",Walsall ,,WS3 2JH,NOT LIVE,53.34168,-1.351832
"Market Street, Wellington , Telford ",,,TF1 1DT ,NOT LIVE,52.918355,-1.473665
"Unit 46-49 , Crystal Peaks , Sheffield ",,,S20 7PN,NOT LIVE,53.228098,-0.538027
"54-58 London Road ,  ",Derby ,,DE1 2PA,NOT LIVE,51.587603,-0.062273
"Waterside S ,  ",Lincoln ,,LN5 7EU ,NOT LIVE,51.513642,-0.471474
"Tottenham Hale Retail Park , Unit 7a , ",London ,,N15 4QD,NOT LIVE,FAILED,FAILED
"1A Fairfield Road ,  ",West Drayton ,,UB7 8EY ,NOT LIVE,52.67823,-2.047828
"Willowbrook , Unit 3 & 4 Willowbrook Centre , Savages Wood Road ",Bradley Stoke ,,BS23 8BS ,NOT LIVE,52.615648,-2.117413
"Unit 1 Linkway Retail Park , Watling Street , Cannock ",,,WS11 1TD,NOT LIVE,53.389995,-2.595383
"Kempthorne Avenue , Bushbury, Wolverhampton ",West Midlands ,,WV10 9UN,NOT LIVE,55.399621,-1.701595
"Unit C1 Golden Square Shopping Centre, Warrington, ",,,WA1 1QE,NOT LIVE,52.051915,0.737247
"Unit 7 , Willowburn Retail Park , ",Alnwick ,,NE66 2DH,NOT LIVE,53.367348,-0.00157
"Eastern Bypass, Woodhall Business Park, ",Sudbury,,CO10 1WH,NOT LIVE,51.477023,0.324391
"124 Eastgate, Louth, ",,,LN11 9AA,NOT LIVE,53.749664,-1.528536
"Unit 1, The Mall Shopping Centre, Grays",Essex,,RM17 6QF,NOT LIVE,55.399856,-1.694725
"unit 11 St Georges Park, Ring Road, Midleton",Leeds,,LS10 4YB,NOT LIVE,52.051915,0.737247
"Unit 7, Willowburn Retail Park , Alnwick",,,NE66 2DJ,NOT LIVE,52.607607,1.728588
"Eastern Bypass, Woodhall Business Park, Sudbury",,,CO10 1WH,NOT LIVE,52.291236,-0.599518
"Unit 15 Union Arcade, Marketgate Shopping Centre, Great Yarmouth",,,NR30 2AX,NOT LIVE,53.806058,-1.451039
"Unit 6,  Eaton Walk, College Street",Rushden,,NN10 9SH,NOT LIVE,51.540484,0.712911
"Unit 47A Crossgates Centre, Leeds, ",,,LS15 8EU,NOT LIVE,53.473344,-1.068305
"Unit B7 Victoria Centre, Chartwell Square, Southend On Sea",,,SS2 5SP,NOT LIVE,53.323604,-1.316226
"Gattison Lane, New Rossington, Doncaster Road",,,DN11 0NH,NOT LIVE,53.722445,-1.858285
"53 Bridge Street, Killamarsh, Sheffield ",,,S21 1AL,NOT LIVE,52.772996,-1.29081
"25-29 West Gate House, Market Street, Halifax",,,HX1 1PG,NOT LIVE,52.927692,1.284727
"36 Hall Croft, Shepshed, Leicestershire",,,LE12 9AN,NOT LIVE,52.523397,-1.838857
"Middlebrook Way, Holt Road, Cromer",,,NR27 9JR,NOT LIVE,53.191333,-2.530289
"80 High Street, Erdington, Birmingham",,,B23 6RS,NOT LIVE,55.621173,-2.814664
"Queens Parade, Dene Drive, Winsford",,,CW7 1AT,NOT LIVE,53.45276,-2.642686
"Wilder Haugh, Low Buckholmside, Galashiels",,,TD1 1PD,NOT LIVE,54.641845,-1.684432
"49-53 Market Street, Earlestown , Newton Le Willows ",,,WA12 9BH,NOT LIVE,54.972396,-2.093177
"Watling Road, Bishop Auckland, ",,,DL14 9AT,NOT LIVE,55.759436,-2.008446
"Unit 1 , Tyne Valley Retail Park , Station Road",,,NE46 1AJ,NOT LIVE,52.691084,-2.492852
"Unit A Tweedbank Retail Park, Northumberland Road, Tweedmouth",Berwick Upon Tweed,,TD15 2AS,NOT LIVE,51.495699,-3.567008
"Wrekin Retail Park, Arleston, Telford",,,TF1 2DE,NOT LIVE,51.352213,0.507123
"Unit 1 Picton Court, Waterton, Bridgend",,,CF31 3XX,NOT LIVE,51.124111,0.256965
"Unit D Horsted Retail Park, Maidstone Road, Chatham",,,ME5 9SQ,NOT LIVE,51.483823,-2.764354
"Linden Park Road, Tunbridge Wells, ",,,TN2 5QL,NOT LIVE,54.895462,-2.935895
"Unit 1 Wyndham Way Retail Park,  Wyndham Way",Portishead,Bristol,BS20 7BY,NOT LIVE,54.730417,-6.231848
"34-36 Scotch Street, Carlisle, ",,,CA3 8PU,NOT LIVE,52.996058,-1.138858
"Junction One, International Outlet Shopping, Antrim",,,BT41 4LL,NOT LIVE,55.778451,-4.029359
"Madford Business Park, Mansfield Road, Daystock",Nottingham,,NG5 6AD,NOT LIVE,52.42799,-1.841381
"10 Palace Grounds Road, Hamilton Retail Park, Lanarkshire",,,ML3 6AD,NOT LIVE,52.341857,-2.278103
"1332 Stratford Rd, Hall Green, Birmingham",,,B28 9EF,NOT LIVE,54.4494,-6.389912
"Unit 4 Tannery Retail Park, Lombard Street, Stourport-On-Severn",,,DY13 8EY,NOT LIVE,52.657701,-0.465317
"31 Rushmere Shopping Centre, Craigavon, ",,,BT64 1AA,NOT LIVE,57.152057,-2.155208
"Unit 2 Stamford Retail Park, Ryhall Road, Stamford",,,PE9 1TX,NOT LIVE,53.720321,-0.173574
"Langstracht , Aberdeen, ",,,AB16 6LA,NOT LIVE,52.375193,1.108814
"Sainsbury Way, Hessle, ",,,HU12 9NT,NOT LIVE,,
"37-38 Mere Street, Diss, ",,,IP22 4AG,NOT LIVE,,
